{"type":"FeatureCollection","features":[{"type":"Feature","id":209000005,"geometry":{"type":"Polygon","coordinates":[[[-122.32985283396535,47.62376017027839],[-122.32985362222026,47.623865511074996],[-122.3298544380333,47.623975232594404],[-122.32985525392738,47.62408495681133],[-122.32985606982484,47.624194681027895],[-122.32986517893744,47.624194657515076],[-122.33032201049446,47.62419348174027],[-122.33032109062216,47.62408373909023],[-122.33032036919127,47.62399735392415],[-122.33032017610023,47.623973997269246],[-122.33031925615799,47.623864251920835],[-122.33031837449118,47.62375861097528],[-122.32985283396535,47.62376017027839]]]},"properties":{"pin":"0209000005","address":"526 YALE AVE N","taxpayer":"CHAMPION SLU PROPERTY LLC","propertyType":"C","presentUse":"Apartment","landSqft":18212,"acres":0.42,"zoning":"SM-SLU 100/95","isCondo":false,"kcUrl":"https://blue.kingcounty.com/Assessor/eRealProperty/Detail.aspx?ParcelNbr=0209000005","currentOwner":"CHAMPION SLU PROPERTY LLC","currentCompanyId":"auto-champion-slu-property-llc"}},{"type":"Feature","id":209000030,"geometry":{"type":"Polygon","coordinates":[[[-122.32985198510286,47.623646061810284],[-122.33031742178697,47.623644767447864],[-122.33031650725465,47.62353502472628],[-122.33031650337823,47.62353475129675],[-122.3303155873538,47.62342528027588],[-122.3303151286238,47.62337026544682],[-122.33031467282916,47.623315537553665],[-122.33031382198837,47.623214019100246],[-122.33031378341417,47.623214019607595],[-122.3298578808226,47.6232153649685],[-122.32984877195908,47.62321539117849],[-122.3298495362198,47.623316891870104],[-122.32985035209317,47.62342661608891],[-122.32985116922255,47.6235363375921],[-122.32985198510286,47.623646061810284]]]},"properties":{"pin":"0209000030","address":"500 YALE AVE N","taxpayer":"GOLD RING HOLDINGS LLC","propertyType":"C","presentUse":"Office Building","landSqft":18055,"acres":0.41,"zoning":"SM-SLU 100/95","isCondo":false,"kcUrl":"https://blue.kingcounty.com/Assessor/eRealProperty/Detail.aspx?ParcelNbr=0209000030","currentOwner":"GOLD RING HOLDINGS LLC","currentCompanyId":"auto-gold-ring-holdings-llc"}},{"type":"Feature","id":209000050,"geometry":{"type":"Polygon","coordinates":[[[-122.32930225242913,47.62375729578468],[-122.32930229366411,47.623757295242704],[-122.32974755122335,47.623756073234695],[-122.32974675566915,47.62364635414936],[-122.32974596410877,47.62353663501126],[-122.32974516856119,47.62342691592529],[-122.32974437700751,47.62331719678653],[-122.32974358146669,47.62320747769996],[-122.32929882075923,47.623208785883136],[-122.32929876888356,47.62320878656497],[-122.32929946592012,47.62331849074412],[-122.32930016288196,47.6234281922252],[-122.32930085843904,47.62353789102559],[-122.32930155540676,47.623647592506025],[-122.32930225242913,47.62375729578468]]]},"properties":{"pin":"0209000050","address":"501 EASTLAKE AVE E 98109","taxpayer":"COLUMBIA WA EASTLAKE OFFICE","propertyType":"C","presentUse":"Office Building","landSqft":22000,"acres":0.51,"zoning":"SM-SLU 100/95","isCondo":false,"kcUrl":"https://blue.kingcounty.com/Assessor/eRealProperty/Detail.aspx?ParcelNbr=0209000050","currentOwner":"COLUMBIA WASHINGTON EASTLAKE OFFICE LLC","currentCompanyId":"auto-columbia-washington-eastlake-office-llc"}},{"type":"Feature","id":209000075,"geometry":{"type":"Polygon","coordinates":[[[-122.32930434335883,47.62408640022308],[-122.32930504407315,47.62419609265683],[-122.3293050826481,47.62419609214981],[-122.32975072551862,47.62419495057708],[-122.329749929951,47.62408523149299],[-122.32974913837721,47.62397551235617],[-122.32974834281629,47.62386579327144],[-122.32974755122335,47.623756073234695],[-122.32930229366411,47.623757295242704],[-122.32930225242913,47.62375729578468],[-122.3293029494028,47.62386699726444],[-122.32930364630175,47.62397669604613],[-122.32930434335883,47.62408640022308]]]},"properties":{"pin":"0209000075","address":"527 EASTLAKE AVE E 98109","taxpayer":"CAROLINA COURT APTS LLC+STO","propertyType":"C","presentUse":"Apartment","landSqft":17600,"acres":0.4,"zoning":"SM-SLU 100/95","isCondo":false,"kcUrl":"https://blue.kingcounty.com/Assessor/eRealProperty/Detail.aspx?ParcelNbr=0209000075","currentOwner":"CAROLINA COURT APTS LLC+STOCKBRIDGE APTS LLC+CHARBERN APARTMENTS LLC","currentCompanyId":"auto-carolina-court-apts-llc-stockbridge-apts-llc-charbern-apartments-llc"}},{"type":"Feature","id":290050000,"geometry":{"type":"Polygon","coordinates":[[[-122.32985283396535,47.62376017027839],[-122.33031837449118,47.62375861097528],[-122.33031833898347,47.62375451013415],[-122.33031742178697,47.623644767447864],[-122.32985198510286,47.623646061810284],[-122.32985280101244,47.62375578692742],[-122.32985283396535,47.62376017027839]]]},"properties":{"pin":"0290050000","address":"516 YALE AVE N","taxpayer":null,"propertyType":"K","presentUse":"Condominium(Mixed Use)","landSqft":4772,"acres":0.11,"zoning":"SM-SLU 100/95","isCondo":true,"kcUrl":"https://blue.kingcounty.com/Assessor/eRealProperty/Detail.aspx?ParcelNbr=0290050000","currentOwner":null,"currentCompanyId":null}},{"type":"Feature","id":1361300010,"geometry":{"type":"Polygon","coordinates":[[[-122.32973276916853,47.6267815157242],[-122.32975405837735,47.62678133209786],[-122.32998317168266,47.626779339900324],[-122.33021227159044,47.62677734471879],[-122.33020952292974,47.62642628049297],[-122.32998042544756,47.62642830624405],[-122.32997791496437,47.62610692592421],[-122.32980942626813,47.6261525589803],[-122.32980566712297,47.62615358177819],[-122.3298019123563,47.62615461801248],[-122.32979816189062,47.626155664985404],[-122.32979442514095,47.62615672617154],[-122.32979069128439,47.626157795416],[-122.32978696313657,47.626158878079416],[-122.32978324594077,47.62615997139396],[-122.32977953440205,47.6261610763289],[-122.32977583511969,47.626162190998244],[-122.3297721321829,47.626163317410395],[-122.32976844160589,47.62616445715407],[-122.32976476325945,47.62616560573283],[-122.32976108519739,47.62616676420344],[-122.32975741952102,47.62616793690481],[-122.32975376213625,47.626169120292325],[-122.32974930619152,47.62617057686355],[-122.32974566679772,47.62617178430368],[-122.3297420343912,47.626173003346686],[-122.32973840761579,47.626174233110845],[-122.32973479301918,47.62617546991158],[-122.3297311815226,47.62617672196486],[-122.32972807763382,47.62617780991334],[-122.32973276916853,47.6267815157242]]]},"properties":{"pin":"1361300010","address":"825 EASTLAKE AVE E 98109","taxpayer":"SEATTLE CANCER CARE ALLIANC","propertyType":"C","presentUse":"Medical/Dental Office","landSqft":21636,"acres":0.5,"zoning":"SM-SLU 145","isCondo":false,"kcUrl":"https://blue.kingcounty.com/Assessor/eRealProperty/Detail.aspx?ParcelNbr=1361300010","currentOwner":"FRED HUTCHINSON CANCER CENTER","currentCompanyId":"fred-hutch"}},{"type":"Feature","id":1361300020,"geometry":{"type":"Polygon","coordinates":[[[-122.32997791496437,47.62610692592421],[-122.32998042544756,47.62642830624405],[-122.33020952292974,47.62642628049297],[-122.33020874959547,47.62632754261428],[-122.33020677430616,47.62607521626386],[-122.33020649527968,47.626039576608555],[-122.33000170908532,47.62604141674537],[-122.32997745669988,47.626047984312],[-122.32997768728255,47.62607727427805],[-122.32997791496437,47.62610692592421]]]},"properties":{"pin":"1361300020","address":"825 EASTLAKE AVE E 98109","taxpayer":"SEATTLE CANCER CARE ALLIANC","propertyType":"C","presentUse":"Medical/Dental Office","landSqft":7969,"acres":0.18,"zoning":"SM-SLU 145","isCondo":false,"kcUrl":"https://blue.kingcounty.com/Assessor/eRealProperty/Detail.aspx?ParcelNbr=1361300020","currentOwner":"FRED HUTCHINSON CANCER CENTER","currentCompanyId":"fred-hutch"}},{"type":"Feature","id":1361300025,"geometry":{"type":"Polygon","coordinates":[[[-122.33020874959547,47.62632754261428],[-122.33025132336277,47.62632716534009],[-122.33070951552364,47.62632309341937],[-122.33070890934569,47.626246283052275],[-122.33070752568845,47.626070715959415],[-122.33024934765999,47.62607483179624],[-122.33020677430616,47.62607521626386],[-122.33020874959547,47.62632754261428]]]},"properties":{"pin":"1361300025","address":"1300 VALLEY ST","taxpayer":"HUTCHINSON FRED CANCER RESE","propertyType":"C","presentUse":"Office Building","landSqft":11379,"acres":0.26,"zoning":"SM-SLU 145","isCondo":false,"kcUrl":"https://blue.kingcounty.com/Assessor/eRealProperty/Detail.aspx?ParcelNbr=1361300025","currentOwner":"FRED HUTCHINSON CANCER CENTER","currentCompanyId":"fred-hutch"}},{"type":"Feature","id":1361300028,"geometry":{"type":"Polygon","coordinates":[[[-122.33020952292974,47.62642628049297],[-122.33021227159044,47.62677734471879],[-122.33025484989766,47.62677697368566],[-122.33071306702466,47.62677298423832],[-122.3307128717833,47.62674858856553],[-122.33071167937457,47.626597418099735],[-122.33071029165619,47.626421849262506],[-122.33070951552364,47.62632309341937],[-122.33025132336277,47.62632716534009],[-122.33020874959547,47.62632754261428],[-122.33020952292974,47.62642628049297]]]},"properties":{"pin":"1361300028","address":"820 YALE AVE N 98109","taxpayer":"FRED HUTCHINSON CANCER RESE","propertyType":"C","presentUse":"Office Building","landSqft":20266,"acres":0.47,"zoning":"SM-SLU 145","isCondo":false,"kcUrl":"https://blue.kingcounty.com/Assessor/eRealProperty/Detail.aspx?ParcelNbr=1361300028","currentOwner":"FRED HUTCHINSON CANCER CENTER","currentCompanyId":"fred-hutch"}},{"type":"Feature","id":1361300055,"geometry":{"type":"Polygon","coordinates":[[[-122.32972807763382,47.62617780991334],[-122.32972758361258,47.62617798373495],[-122.32972399000352,47.626179256243766],[-122.32972041003282,47.62618054026799],[-122.3297168330327,47.62618183504837],[-122.32971326432425,47.62618314051485],[-122.32970684705072,47.62618552787374],[-122.32970330441785,47.626186860884914],[-122.32969977411895,47.62618820632836],[-122.32969624814685,47.626189563409696],[-122.32969273844758,47.6261909310723],[-122.32968922900687,47.62619230772739],[-122.32968573190008,47.62619369681478],[-122.32968224311072,47.626195097487575],[-122.32967876652594,47.62619650609624],[-122.32967529557234,47.62619792542613],[-122.3296718356483,47.62619935810495],[-122.32966839327564,47.62620079954904],[-122.32966495118738,47.626202250884944],[-122.32966151733893,47.62620371110847],[-122.3296580958502,47.62620518466354],[-122.32965468656622,47.626206666154495],[-122.32965128567716,47.62620816192868],[-122.3296478929762,47.62620966479198],[-122.32964451383587,47.626211176472985],[-122.32964114165698,47.62621269885769],[-122.32963777917736,47.62621423460884],[-122.32963442890242,47.62621577829591],[-122.32963108694487,47.626217333568434],[-122.3296277572436,47.62621889857541],[-122.32962443977286,47.62622047241758],[-122.32962113059362,47.62622205694594],[-122.32961783103615,47.626223652142976],[-122.3296145423531,47.62622525529346],[-122.32961125932694,47.6262268700643],[-122.32960799656433,47.62622849536402],[-122.32960473799918,47.626230127805236],[-122.32960149575858,47.626231772626326],[-122.32959826186118,47.62623342993214],[-122.32959504001326,47.626235089778255],[-122.32959182789051,47.62623676389012],[-122.32958862661629,47.62623844505619],[-122.3295854349897,47.626240137790184],[-122.32958225564528,47.626241841157906],[-122.32957908853129,47.62624355336086],[-122.32957593367365,47.62624527529827],[-122.32957278705582,47.62624700612335],[-122.329569656685,47.62624874663047],[-122.32956653588411,47.62625049600772],[-122.32956342204457,47.62625225608867],[-122.32956032575636,47.626254024934894],[-122.32955723773384,47.62625580356802],[-122.32955416593241,47.6262575909839],[-122.32955110239669,47.62625938818676],[-122.32954805508199,47.62626119417231],[-122.32954501332082,47.626263008181255],[-122.32954198652818,47.62626483368825],[-122.32953896933137,47.626266668964725],[-122.32953596827808,47.62626851032612],[-122.32953297948116,47.626270361422],[-122.32952999892395,47.62627222140558],[-122.32952703463964,47.62627409197042],[-122.32952407859509,47.62627597142297],[-122.32952114005019,47.62627785784222],[-122.32951821386503,47.626279757593075],[-122.32951529576445,47.62628166083594],[-122.32951239393677,47.626283574660164],[-122.32950950446886,47.62628550181595],[-122.32950662697272,47.62628742881424],[-122.32950376183636,47.62628936914414],[-122.3295009102607,47.62629131829174],[-122.32949807096723,47.626293278073106],[-122.32949524377484,47.62629524219337],[-122.3294924328812,47.6262972177942],[-122.32948963020148,47.626299201383475],[-122.32948684374287,47.62630119375553],[-122.32948407079316,47.62630319314677],[-122.32947868422086,47.62630713315957],[-122.32947594655474,47.626309156376216],[-122.32947322784784,47.626311191038425],[-122.32947051996348,47.62631323185559],[-122.32946782832619,47.626315282354824],[-122.32946514615539,47.62631733812718],[-122.32946248028333,47.6263194053801],[-122.3294598305031,47.62632147691952],[-122.3294571890402,47.62632356004442],[-122.32945456369498,47.626325648355014],[-122.32945195462267,47.62632774724695],[-122.32944935504268,47.62632985231128],[-122.32944677437018,47.62633196702274],[-122.3294442031901,47.626334087906564],[-122.32944164817944,47.62633621577466],[-122.32943911072009,47.626338352408084],[-122.32943658014447,47.62634049704744],[-122.3294340697548,47.62634264951784],[-122.32943157282232,47.62634480720893],[-122.32942908819795,47.62634697643309],[-122.32942661168401,47.62634915004864],[-122.32942416336321,47.62635133228957],[-122.32942172458657,47.62635352250148],[-122.32941929652914,47.626355715271316],[-122.32941688216171,47.62635792135521],[-122.32941448782502,47.6263601298746],[-122.32941210584814,47.62636235172557],[-122.32940973592069,47.62636457611692],[-122.32940738229193,47.62636681198888],[-122.32940504603353,47.626369050331306],[-122.32940272205731,47.62637129930752],[-122.3294004141729,47.626373552570215],[-122.32939812245797,47.62637581281718],[-122.3293958429217,47.626378080100885],[-122.3293935795808,47.626380355268104],[-122.32939133376533,47.626382638301415],[-122.32938910002518,47.62638492477443],[-122.32938688255791,47.626387221828715],[-122.32938468118253,47.62638952316953],[-122.32938249195992,47.626391830647776],[-122.32938032026291,47.626394145992116],[-122.32938000530869,47.626394484785465],[-122.32938030688871,47.62643361191371],[-122.32938302653496,47.62678455592],[-122.32948237604856,47.62678369447202],[-122.32971148006303,47.62678170294369],[-122.32973276916853,47.6267815157242],[-122.32972807763382,47.62617780991334]]]},"properties":{"pin":"1361300055","address":"825 EASTLAKE AVE E 98109","taxpayer":"SEATTLE CANCER CARE ALLIANC","propertyType":"C","presentUse":"Medical/Dental Office","landSqft":16169,"acres":0.37,"zoning":"SM-SLU 145","isCondo":false,"kcUrl":"https://blue.kingcounty.com/Assessor/eRealProperty/Detail.aspx?ParcelNbr=1361300055","currentOwner":"FRED HUTCHINSON CANCER CENTER","currentCompanyId":"fred-hutch"}},{"type":"Feature","id":1983200005,"geometry":{"type":"Polygon","coordinates":[[[-122.33906667269173,47.62312102028177],[-122.33906793384037,47.622956520889396],[-122.33906920032757,47.62279202232523],[-122.33863214399192,47.62279038365171],[-122.33863082017912,47.622954880252124],[-122.33862949231549,47.62311937510602],[-122.33906667269173,47.62312102028177]]]},"properties":{"pin":"1983200005","address":"425 WESTLAKE AVE N 98109","taxpayer":"LMREC IV WESTLAKE INC","propertyType":"C","presentUse":"Retail Store","landSqft":12960,"acres":0.3,"zoning":"SM-SLU 175/85-280","isCondo":false,"kcUrl":"https://blue.kingcounty.com/Assessor/eRealProperty/Detail.aspx?ParcelNbr=1983200005","currentOwner":"LMREC IV WESTLAKE INC","currentCompanyId":"auto-lmrec-iv-westlake-inc"}},{"type":"Feature","id":1983200015,"geometry":{"type":"Polygon","coordinates":[[[-122.33863214399192,47.62279038365171],[-122.33906920032757,47.62279202232523],[-122.33907046944103,47.622627522825915],[-122.33907173463415,47.62246302607644],[-122.33863479553064,47.62246138859756],[-122.33863346777024,47.62262588615137],[-122.33863214399192,47.62279038365171]]]},"properties":{"pin":"1983200015","address":"415 WESTLAKE AVE N 98109","taxpayer":"UNION PRESBYTERIAN CHURCH","propertyType":"C","presentUse":"Church/Welfare/Relig Srvc","landSqft":12960,"acres":0.3,"zoning":"SM-SLU 175/85-280","isCondo":false,"kcUrl":"https://blue.kingcounty.com/Assessor/eRealProperty/Detail.aspx?ParcelNbr=1983200015","currentOwner":"WESTLAKE IMPROVEMENT COMPANY LLC","currentCompanyId":"auto-westlake-improvement-company-llc"}},{"type":"Feature","id":1983200025,"geometry":{"type":"Polygon","coordinates":[[[-122.33863479553064,47.62246138859756],[-122.33907173463415,47.62246302607644],[-122.3390730010973,47.62229852751017],[-122.33863612330867,47.62229689194224],[-122.33863479553064,47.62246138859756]]]},"properties":{"pin":"1983200025","address":"411 WESTLAKE AVE N 98109","taxpayer":"FAIRMAN JOHN B+LAURIE V","propertyType":"C","presentUse":"Retail(Big Box)","landSqft":6480,"acres":0.15,"zoning":"SM-SLU 175/85-280","isCondo":false,"kcUrl":"https://blue.kingcounty.com/Assessor/eRealProperty/Detail.aspx?ParcelNbr=1983200025","currentOwner":"CITY PLACE VII LLC","currentCompanyId":"vulcan"}},{"type":"Feature","id":1983200030,"geometry":{"type":"Polygon","coordinates":[[[-122.33863612330867,47.62229689194224],[-122.3390730010973,47.62229852751017],[-122.33907426588394,47.62213401727037],[-122.33863744682768,47.6221323863464],[-122.33863612330867,47.62229689194224]]]},"properties":{"pin":"1983200030","address":"401 WESTLAKE AVE N 98109","taxpayer":"WESTLAKE LLC","propertyType":"C","presentUse":"Retail Store","landSqft":6480,"acres":0.15,"zoning":"SM-SLU 175/85-280","isCondo":false,"kcUrl":"https://blue.kingcounty.com/Assessor/eRealProperty/Detail.aspx?ParcelNbr=1983200030","currentOwner":"WESTLAKE IMPROVEMENT COMPANY LLC","currentCompanyId":"auto-westlake-improvement-company-llc"}},{"type":"Feature","id":1983200035,"geometry":{"type":"Polygon","coordinates":[[[-122.3391459858804,47.62229879796848],[-122.3391447210041,47.622463297417255],[-122.33914345478972,47.62262779688289],[-122.33914219112344,47.62279229271555],[-122.33914092890947,47.6229567930263],[-122.33913966274918,47.623121295187616],[-122.33961815503707,47.62312309516465],[-122.3396194183544,47.62295859301562],[-122.33962068568017,47.62279409171231],[-122.33962194233087,47.622629589649875],[-122.33962320961462,47.62246508744592],[-122.3396244729,47.62230058529406],[-122.33962573727312,47.622136075030525],[-122.33914725051442,47.62213429042564],[-122.3391459858804,47.62229879796848]]]},"properties":{"pin":"1983200035","address":"400 9TH AVE N","taxpayer":"RF SIDNEYSEA TIC LLC","propertyType":"C","presentUse":"Office Building","landSqft":42480,"acres":0.98,"zoning":"SM-SLU 175/85-280","isCondo":false,"kcUrl":"https://blue.kingcounty.com/Assessor/eRealProperty/Detail.aspx?ParcelNbr=1983200035","currentOwner":"RF SIDNEYSEA TIC LLC +BRAZIL 7STAR LLC","currentCompanyId":"auto-rf-sidneysea-tic-llc-brazil-7star-llc"}},{"type":"Feature","id":1983200065,"geometry":{"type":"Polygon","coordinates":[[[-122.33862002987867,47.6242872276496],[-122.33861885757551,47.62443144055718],[-122.3390432386918,47.624433046533525],[-122.33905649904374,47.624433096012595],[-122.33912133962308,47.62443334022561],[-122.33958708290791,47.6244351004493],[-122.33960787805822,47.62440570849969],[-122.33960880000117,47.624290949361345],[-122.33961012099019,47.624126460848636],[-122.33912383016529,47.62412463074764],[-122.33905898871856,47.62412438925138],[-122.33862136213074,47.624122744438395],[-122.33862002987867,47.6242872276496]]]},"properties":{"pin":"1983200065","address":"515 WESTLAKE AVE N","taxpayer":"UNION INVESTMENT R/E GMBH","propertyType":"C","presentUse":"Office Building","landSqft":27457,"acres":0.63,"zoning":"SM-SLU 175/85-280","isCondo":false,"kcUrl":"https://blue.kingcounty.com/Assessor/eRealProperty/Detail.aspx?ParcelNbr=1983200065","currentOwner":"UNION INVESTMENT REAL ESTATE GMBH","currentCompanyId":"union-investment"}},{"type":"Feature","id":1983200075,"geometry":{"type":"Polygon","coordinates":[[[-122.33862402642754,47.623793771719015],[-122.33862336029796,47.623876012875776],[-122.33862269427037,47.62395825762941],[-122.33862136213074,47.624122744438395],[-122.33905898871856,47.62412438925138],[-122.33912383016529,47.62412463074764],[-122.33961012099019,47.624126460848636],[-122.33961144202289,47.62396197413373],[-122.33961199806886,47.62389280482808],[-122.3396127710542,47.623797488211785],[-122.33961409207018,47.62363300149548],[-122.33961540512296,47.62346851578327],[-122.33961672630447,47.62330403536038],[-122.33913858100645,47.623302236162246],[-122.33913808967392,47.6233630895163],[-122.33913725307087,47.6234667193478],[-122.33913592390077,47.6236312061473],[-122.33913548170298,47.62368603416928],[-122.33912737040593,47.62368600294241],[-122.33906253216614,47.62368576141303],[-122.33862491717062,47.623684113810306],[-122.33862402642754,47.623793771719015]]]},"properties":{"pin":"1983200075","address":"535 WESTLAKE AVE N 98109","taxpayer":"UNION INVESTMENT R/E GMBH","propertyType":"C","presentUse":"Office Building","landSqft":55560,"acres":1.28,"zoning":"SM-SLU 175/85-280","isCondo":false,"kcUrl":"https://blue.kingcounty.com/Assessor/eRealProperty/Detail.aspx?ParcelNbr=1983200075","currentOwner":"UNION INVESTMENT REAL ESTATE GMBH","currentCompanyId":"union-investment"}},{"type":"Feature","id":1983200090,"geometry":{"type":"Polygon","coordinates":[[[-122.33862536254077,47.62362928485583],[-122.33906297308465,47.623630932509634],[-122.33906429985107,47.62346644664546],[-122.33862669069063,47.62346479899672],[-122.33862536254077,47.62362928485583]]]},"properties":{"pin":"1983200090","address":"507 WESTLAKE AVE N 98109","taxpayer":"507 WESTLAKE LLC AMER BANK","propertyType":"C","presentUse":"Retail Store","landSqft":6480,"acres":0.15,"zoning":"SM-SLU 175/85-280","isCondo":false,"kcUrl":"https://blue.kingcounty.com/Assessor/eRealProperty/Detail.aspx?ParcelNbr=1983200090","currentOwner":"CITY INVESTORS IX LLC","currentCompanyId":"vulcan"}},{"type":"Feature","id":1983200095,"geometry":{"type":"Polygon","coordinates":[[[-122.33862669069063,47.62346479899672],[-122.33906429985107,47.62346644664546],[-122.33906563185162,47.623301958012384],[-122.3386280320295,47.62330030936398],[-122.33862669069063,47.62346479899672]]]},"properties":{"pin":"1983200095","address":"503 WESTLAKE AVE N 98109","taxpayer":"503 WESTLAKE ASSOCIATES LLC","propertyType":"C","presentUse":"Retail Store","landSqft":6480,"acres":0.15,"zoning":"SM-SLU 175/85-280","isCondo":false,"kcUrl":"https://blue.kingcounty.com/Assessor/eRealProperty/Detail.aspx?ParcelNbr=1983200095","currentOwner":"503 WESTLAKE ASSOCIATES LLC","currentCompanyId":"auto-503-westlake-associates-llc"}},{"type":"Feature","id":1983200150,"geometry":{"type":"Polygon","coordinates":[[[-122.33729176812471,47.62378899253447],[-122.33729043973666,47.62395347832379],[-122.33728910338515,47.624117965117215],[-122.33728778296123,47.62428245079969],[-122.33728661541433,47.624426679774835],[-122.33774395367668,47.6244282986119],[-122.3377451216761,47.624284083103475],[-122.33774645794622,47.62411959718711],[-122.33774779026952,47.623955113121326],[-122.33774912386251,47.62379062723874],[-122.33729176812471,47.62378899253447]]]},"properties":{"pin":"1983200150","address":"535 TERRY AVE N","taxpayer":"AMAZON.COM","propertyType":"C","presentUse":"Office Building","landSqft":26289,"acres":0.6,"zoning":"SM-SLU 175/85-280","isCondo":false,"kcUrl":"https://blue.kingcounty.com/Assessor/eRealProperty/Detail.aspx?ParcelNbr=1983200150","currentOwner":"ACORN DEVELOPMENT LLC","currentCompanyId":"amazon"}},{"type":"Feature","id":1983200160,"geometry":{"type":"Polygon","coordinates":[[[-122.33729176812471,47.62378899253447],[-122.33774912386251,47.62379062723874],[-122.3377504219386,47.623630342997245],[-122.33775853186997,47.62363037344055],[-122.33775856729983,47.62362616910092],[-122.33775989419954,47.62346168330472],[-122.33776122497733,47.62329719385796],[-122.33729575717703,47.62329553331081],[-122.33729442484973,47.623460020054296],[-122.33729309647842,47.6236245058451],[-122.33729176812471,47.62378899253447]]]},"properties":{"pin":"1983200160","address":"964 REPUBLICAN ST 98109","taxpayer":"960 REPUBLICAN LLC","propertyType":"C","presentUse":"Office Building","landSqft":20584,"acres":0.47,"zoning":"SM-SLU 175/85-280","isCondo":false,"kcUrl":"https://blue.kingcounty.com/Assessor/eRealProperty/Detail.aspx?ParcelNbr=1983200160","currentOwner":"URG 960 REUBLICAN LLC","currentCompanyId":"auto-urg-960-reublican-llc"}},{"type":"Feature","id":1983200170,"geometry":{"type":"Polygon","coordinates":[[[-122.33783144186751,47.623626430188516],[-122.33826041016849,47.623627958568385],[-122.33826174742701,47.62346347170876],[-122.33826308454702,47.623298980352075],[-122.33783410573497,47.62329745485595],[-122.33783277510965,47.62346194160574],[-122.33783144186751,47.623626430188516]]]},"properties":{"pin":"1983200170","address":"520 WESTLAKE AVE N 98109","taxpayer":"CITY INVESTORS IX LLC","propertyType":"C","presentUse":"Office Building","landSqft":12695,"acres":0.29,"zoning":"SM-SLU 175/85-280","isCondo":false,"kcUrl":"https://blue.kingcounty.com/Assessor/eRealProperty/Detail.aspx?ParcelNbr=1983200170","currentOwner":"CITY INVESTORS IX LLC","currentCompanyId":"vulcan"}},{"type":"Feature","id":1983200180,"geometry":{"type":"Polygon","coordinates":[[[-122.33782627799407,47.62426419235874],[-122.33825523963382,47.62426572271485],[-122.33825640619304,47.624121414541094],[-122.33825774347694,47.623956927683615],[-122.33825907678788,47.623792441777454],[-122.33826041016849,47.623627958568385],[-122.33783144186751,47.623626430188516],[-122.33783011112129,47.62379091333983],[-122.33782877914051,47.623955400105054],[-122.33782744571711,47.62411988329008],[-122.33782627799407,47.62426419235874]]]},"properties":{"pin":"1983200180","address":"520 WESTLAKE AVE N 98109","taxpayer":"CITY INVESTORS IX L.L.C","propertyType":"C","presentUse":"Office Building","landSqft":24610,"acres":0.56,"zoning":"SM-SLU 175/85-280","isCondo":false,"kcUrl":"https://blue.kingcounty.com/Assessor/eRealProperty/Detail.aspx?ParcelNbr=1983200180","currentOwner":"CITY INVESTORS IX LLC","currentCompanyId":"vulcan"}},{"type":"Feature","id":1983200196,"geometry":{"type":"Polygon","coordinates":[[[-122.33782494591856,47.62442858466394],[-122.33825390197664,47.624430105221094],[-122.33825507286522,47.6242859004458],[-122.33825523963382,47.62426572271485],[-122.33782627799407,47.62426419235874],[-122.33782611504962,47.62428437003632],[-122.33782494591856,47.62442858466394]]]},"properties":{"pin":"1983200196","address":"520 WESTLAKE AVE N 98109","taxpayer":"CITY INVESTORS IX L L C","propertyType":"C","presentUse":"Office Building","landSqft":6343,"acres":0.15,"zoning":"SM-SLU 175/85-280","isCondo":false,"kcUrl":"https://blue.kingcounty.com/Assessor/eRealProperty/Detail.aspx?ParcelNbr=1983200196","currentOwner":"CITY INVESTORS IX LLC","currentCompanyId":"vulcan"}},{"type":"Feature","id":1983200200,"geometry":{"type":"Polygon","coordinates":[[[-122.33727691300268,47.623114527382135],[-122.3377545517456,47.623116226822],[-122.33775585796488,47.62295171610798],[-122.33775716294967,47.62278720900789],[-122.33775847314284,47.62262269823971],[-122.33775977933726,47.62245818752359],[-122.33776108560144,47.62229367950454],[-122.33776239569168,47.622129166036466],[-122.33775186542357,47.622129129805806],[-122.33774579708424,47.62212910566433],[-122.33773972882292,47.62212908422031],[-122.33773366058756,47.62212906367528],[-122.3377275935784,47.62212903951526],[-122.3377215253171,47.62212901807028],[-122.33771545697779,47.62212899392717],[-122.33770938871645,47.62212897248155],[-122.33770332048118,47.62212895193491],[-122.33769725746234,47.62212892772051],[-122.33769118521077,47.62212890632667],[-122.33768511702746,47.622128887577546],[-122.33767904461983,47.62212886078744],[-122.33767297638457,47.622128840239185],[-122.33766690812332,47.62212881879129],[-122.3376608411142,47.62212879462772],[-122.33765477285291,47.6221287731792],[-122.33764870858202,47.622128751677586],[-122.33764263635646,47.622128731180425],[-122.3376365680172,47.62212870703313],[-122.3376305010861,47.62212868556573],[-122.33762442875653,47.622128661470505],[-122.33761836448565,47.622128639967336],[-122.33761229617244,47.62212861671799],[-122.33760622791124,47.62212859526686],[-122.33760015965005,47.62212857381542],[-122.3375940886506,47.62212854970106],[-122.33758802041542,47.62212852914822],[-122.33758195215424,47.62212850769579],[-122.3375758798247,47.62212848359799],[-122.33756981555389,47.6221284620922],[-122.33756374729272,47.62212844063885],[-122.33755768030966,47.62212841736901],[-122.3375516120485,47.622128395914984],[-122.33754554386535,47.62212837715842],[-122.33753947544821,47.622128350308195],[-122.33753340718707,47.622128328853194],[-122.33752733097123,47.62212830840259],[-122.33752126795254,47.62212828417882],[-122.33751519969142,47.62212826272284],[-122.33750913143028,47.62212824126658],[-122.33750306316917,47.62212821980997],[-122.33749699485607,47.622128196554485],[-122.33749092784706,47.62212817238184],[-122.33748485958597,47.62212815092428],[-122.33747879132488,47.62212812946637],[-122.33747272298578,47.62212810531033],[-122.3374666547507,47.622128084751004],[-122.3374605878197,47.622128063274566],[-122.33745451948063,47.6221280391176],[-122.33744844722922,47.622128017710786],[-122.33744237899417,47.62212799715018],[-122.3374363106551,47.622127972992196],[-122.33743024239405,47.62212795153174],[-122.3374241754631,47.622127930053345],[-122.33741810712405,47.622127905894374],[-122.33741203888901,47.622127885332176],[-122.33740597070599,47.62212786656817],[-122.33739990228895,47.622127839710494],[-122.33739383535803,47.622127818230474],[-122.33738776709701,47.62212779676771],[-122.33738169878401,47.622127773506065],[-122.33737562653266,47.62212775209541],[-122.33736955819366,47.62212772793388],[-122.33736349001066,47.62212770916761],[-122.33735742300176,47.62212768498788],[-122.33735135468878,47.622127661724655],[-122.33734528642779,47.62212764025961],[-122.33733921816682,47.622127618794266],[-122.33733314982786,47.62212759463077],[-122.33732708156684,47.62212757316478],[-122.33732101466201,47.62212755258015],[-122.33731494632306,47.62212752841571],[-122.33730887806213,47.62212750694874],[-122.33730280980112,47.62212748548144],[-122.33729673747182,47.62212746136876],[-122.33729067056704,47.62212744078251],[-122.33728460230611,47.622127419314246],[-122.33728331879362,47.622291937803304],[-122.33728204051549,47.62245645352358],[-122.33728075698677,47.62262097201127],[-122.3372794747801,47.62278549048061],[-122.33727819123514,47.62295000896689],[-122.33727691300268,47.623114527382135]]]},"properties":{"pin":"1983200200","address":"401 TERRY AVE N 98109","taxpayer":"KR 401 TERRY LLC","propertyType":"C","presentUse":"Office Building","landSqft":42480,"acres":0.98,"zoning":"SM-SLU 175/85-280","isCondo":false,"kcUrl":"https://blue.kingcounty.com/Assessor/eRealProperty/Detail.aspx?ParcelNbr=1983200200","currentOwner":"KR 401 TERRY L L C","currentCompanyId":"kilroy"}},{"type":"Feature","id":1983200230,"geometry":{"type":"Polygon","coordinates":[[[-122.33783947746548,47.62262299308065],[-122.33826852585412,47.622624540053295],[-122.33826985476831,47.622460042503725],[-122.33827117963173,47.62229554320768],[-122.3382725082169,47.6221310348655],[-122.337843387353,47.62212946373064],[-122.33784208276127,47.622293974431514],[-122.33784077949142,47.622458485114116],[-122.33783947746548,47.62262299308065]]]},"properties":{"pin":"1983200230","address":"400 WESTLAKE AVE N 98109","taxpayer":"400 WESTLAKE OWNER LLC (LP)","propertyType":"C","presentUse":"Office Building","landSqft":19080,"acres":0.44,"zoning":"SM-SLU 175/85-280","isCondo":false,"kcUrl":"https://blue.kingcounty.com/Assessor/eRealProperty/Detail.aspx?ParcelNbr=1983200230","currentOwner":"400 WESTLAKE OWNER LLC","currentCompanyId":"auto-400-westlake-owner-llc"}},{"type":"Feature","id":1983200245,"geometry":{"type":"Polygon","coordinates":[[[-122.3378355526902,47.62311651632285],[-122.33826454725016,47.62311803978641],[-122.33826587212107,47.62295353959388],[-122.33826719700966,47.62278904029995],[-122.33826852585412,47.622624540053295],[-122.33783947746548,47.62262299308065],[-122.33783816867657,47.62278749753732],[-122.33783686264371,47.62295200555517],[-122.3378355526902,47.62311651632285]]]},"properties":{"pin":"1983200245","address":"428 WESTLAKE AVE N 98109","taxpayer":"ARE SEATTLE NO 53 LLC","propertyType":"C","presentUse":"Office Building","landSqft":19080,"acres":0.44,"zoning":"SM-SLU 175/85-280","isCondo":false,"kcUrl":"https://blue.kingcounty.com/Assessor/eRealProperty/Detail.aspx?ParcelNbr=1983200245","currentOwner":"ARE SEATTLE NO 53 LLC","currentCompanyId":"alexandria"}},{"type":"Feature","id":1983200260,"geometry":{"type":"Polygon","coordinates":[[[-122.3359739105426,47.62294490522077],[-122.33597259501038,47.623109426758205],[-122.3364585430926,47.6231113457902],[-122.33649094138717,47.623111472968986],[-122.33649353737201,47.62278243479942],[-122.33646113790024,47.62278230584039],[-122.3359752220761,47.62278038373536],[-122.3359739105426,47.62294490522077]]]},"properties":{"pin":"1983200260","address":"Geo Area","taxpayer":"AMAZON.COM","propertyType":"C","presentUse":"Office Building","landSqft":15360,"acres":0.35,"zoning":"SM-SLU 175/85-280","isCondo":false,"kcUrl":"https://blue.kingcounty.com/Assessor/eRealProperty/Detail.aspx?ParcelNbr=1983200260","currentOwner":"ACORN DEVELOPMENT LLC","currentCompanyId":"amazon"}},{"type":"Feature","id":1983200270,"geometry":{"type":"Polygon","coordinates":[[[-122.33597916335545,47.622286821884764],[-122.33597785317694,47.62245134335479],[-122.33597653360134,47.622615862249184],[-122.3359752220761,47.62278038373536],[-122.33646113790024,47.62278230584039],[-122.33649353737201,47.62278243479942],[-122.33649872900934,47.62212435035845],[-122.33646633524181,47.622124220431374],[-122.33598047876819,47.62212229764605],[-122.33597916335545,47.622286821884764]]]},"properties":{"pin":"1983200270","address":"Geo Area","taxpayer":"AMAZON.COM","propertyType":"C","presentUse":"Office Building","landSqft":30720,"acres":0.71,"zoning":"SM-SLU 175/85-280","isCondo":false,"kcUrl":"https://blue.kingcounty.com/Assessor/eRealProperty/Detail.aspx?ParcelNbr=1983200270","currentOwner":"ACORN DEVELOPMENT LLC","currentCompanyId":"amazon"}},{"type":"Feature","id":1983200290,"geometry":{"type":"Polygon","coordinates":[[[-122.33649353737201,47.62278243479942],[-122.33649094138717,47.623111472968986],[-122.33652334101204,47.623111600121035],[-122.33698900766328,47.623113433902404],[-122.33699029087455,47.62294891813543],[-122.33699157540774,47.62278440235023],[-122.33699285453442,47.622619883936814],[-122.33699413764339,47.62245536546996],[-122.33699542207425,47.62229084698482],[-122.3369967048551,47.62212631772541],[-122.33653112144685,47.62212448029389],[-122.33649872900934,47.62212435035845],[-122.33649353737201,47.62278243479942]]]},"properties":{"pin":"1983200290","address":"440 TERRY AVE N","taxpayer":"AMAZON.COM","propertyType":"C","presentUse":"Office Building","landSqft":44280,"acres":1.02,"zoning":"SM-SLU 175/85-280","isCondo":false,"kcUrl":"https://blue.kingcounty.com/Assessor/eRealProperty/Detail.aspx?ParcelNbr=1983200290","currentOwner":"ACORN DEVELOPMENT LLC","currentCompanyId":"amazon"}},{"type":"Feature","id":1983200325,"geometry":{"type":"Polygon","coordinates":[[[-122.33596578339038,47.623948308736296],[-122.33596444676358,47.62411279276364],[-122.33596311018033,47.6242772785888],[-122.33596192978962,47.624421650709166],[-122.33644791637283,47.62442351096543],[-122.33648031811884,47.624423637212885],[-122.33648504532616,47.62384069602921],[-122.33645264527331,47.62384056976553],[-122.3364526066987,47.623840570274965],[-122.33596667301015,47.6238386482389],[-122.33596578339038,47.623948308736296]]]},"properties":{"pin":"1983200325","address":"551 BOREN AVE N","taxpayer":"AMAZON.COM","propertyType":"C","presentUse":"Office Building","landSqft":27218,"acres":0.62,"zoning":"SM-SLU 175/85-280","isCondo":false,"kcUrl":"https://blue.kingcounty.com/Assessor/eRealProperty/Detail.aspx?ParcelNbr=1983200325","currentOwner":"ACORN DEVELOPMENT LLC","currentCompanyId":"amazon"}},{"type":"Feature","id":1983200345,"geometry":{"type":"Polygon","coordinates":[[[-122.3359671198788,47.62378382021188],[-122.33644497901471,47.62378571123542],[-122.33644631406196,47.623621225402545],[-122.33596846047917,47.62361933613046],[-122.3359671198788,47.62378382021188]]]},"properties":{"pin":"1983200345","address":"525 BOREN AVE N","taxpayer":"DAIWA WILSHIRE SEATTLE I SP","propertyType":"C","presentUse":"Apartment(Mixed Use)","landSqft":7080,"acres":0.16,"zoning":"SM-SLU 175/85-280","isCondo":false,"kcUrl":"https://blue.kingcounty.com/Assessor/eRealProperty/Detail.aspx?ParcelNbr=1983200345","currentOwner":"DAIWA WILSHIRE SEATTLE I SPE LLC","currentCompanyId":"auto-daiwa-wilshire-seattle-i-spe-llc"}},{"type":"Feature","id":1983200350,"geometry":{"type":"Polygon","coordinates":[[[-122.33644631406196,47.623621225402545],[-122.33645442396517,47.62362125503946],[-122.33645575498781,47.62345676925849],[-122.33644764505826,47.62345673782309],[-122.3359697970286,47.62345485030242],[-122.33596846047917,47.62361933613046],[-122.33644631406196,47.623621225402545]]]},"properties":{"pin":"1983200350","address":"511 BOREN AVE N 98109","taxpayer":"MAGNOLIA PROPERTIES L L C","propertyType":"C","presentUse":"Office Building","landSqft":7200,"acres":0.17,"zoning":"SM-SLU 175/85-280","isCondo":false,"kcUrl":"https://blue.kingcounty.com/Assessor/eRealProperty/Detail.aspx?ParcelNbr=1983200350","currentOwner":"MAGNOLIA PROPERTIES L L C","currentCompanyId":"auto-magnolia-properties-llc"}},{"type":"Feature","id":1983200355,"geometry":{"type":"Polygon","coordinates":[[[-122.3359697970286,47.62345485030242],[-122.33644764505826,47.62345673782309],[-122.33644898389718,47.62329224564121],[-122.3359711414726,47.62329036167054],[-122.3359697970286,47.62345485030242]]]},"properties":{"pin":"1983200355","address":"1016 REPUBLICAN ST","taxpayer":"SLU LODGING LLC","propertyType":"C","presentUse":"Hotel/Motel","landSqft":7080,"acres":0.16,"zoning":"SM-SLU 175/85-280","isCondo":false,"kcUrl":"https://blue.kingcounty.com/Assessor/eRealProperty/Detail.aspx?ParcelNbr=1983200355","currentOwner":"SEATTLE CITY OF","currentCompanyId":"city-of-seattle"}},{"type":"Feature","id":1983200360,"geometry":{"type":"Polygon","coordinates":[[[-122.33652600433459,47.62378602654898],[-122.33658683067786,47.62378626763644],[-122.33698357786409,47.62378783507649],[-122.33698491120859,47.6236233492373],[-122.33698624052816,47.62345886255081],[-122.33698756978738,47.623294374065075],[-122.3365908305103,47.62329281198183],[-122.33653000476998,47.62329257179575],[-122.336528671222,47.623457054016434],[-122.33652733643936,47.62362153985098],[-122.33652600433459,47.62378602654898]]]},"properties":{"pin":"1983200360","address":"520 TERRY AVE N","taxpayer":"AMAZON.COM","propertyType":"C","presentUse":"Office Building","landSqft":20340,"acres":0.47,"zoning":"SM-SLU 175/85-280","isCondo":false,"kcUrl":"https://blue.kingcounty.com/Assessor/eRealProperty/Detail.aspx?ParcelNbr=1983200360","currentOwner":"ACORN DEVELOPMENT LLC","currentCompanyId":"amazon"}},{"type":"Feature","id":1983200375,"geometry":{"type":"Polygon","coordinates":[[[-122.33648031811884,47.624423637212885],[-122.33651272119515,47.624423763433505],[-122.33697842460853,47.62442554205162],[-122.33697958969962,47.624281290633135],[-122.33698091907887,47.62411680484881],[-122.33698224852765,47.62395232176152],[-122.33698357786409,47.62378783507649],[-122.33658683067786,47.62378626763644],[-122.33652600433459,47.62378602654898],[-122.33652555805486,47.62384085457817],[-122.33651744803946,47.62384082224848],[-122.33648504532616,47.62384069602921],[-122.33648031811884,47.624423637212885]]]},"properties":{"pin":"1983200375","address":"550 TERRY AVE N","taxpayer":"AMAZON.COM","propertyType":"C","presentUse":"Office Building","landSqft":28415,"acres":0.65,"zoning":"SM-SLU 175/85-280","isCondo":false,"kcUrl":"https://blue.kingcounty.com/Assessor/eRealProperty/Detail.aspx?ParcelNbr=1983200375","currentOwner":"ACORN DEVELOPMENT LLC","currentCompanyId":"amazon"}},{"type":"Feature","id":1983200540,"geometry":{"type":"Polygon","coordinates":[[[-122.3345032650385,47.62410756964791],[-122.33450946925817,47.62410759127347],[-122.33475799713943,47.624108080643964],[-122.33513722711247,47.62410983974809],[-122.33513856870934,47.62394529902407],[-122.3345023836299,47.62394297821258],[-122.3345032650385,47.62410756964791]]]},"properties":{"pin":"1983200540","address":"527 FAIRVIEW AVE N","taxpayer":"NF III SEATTLE LLC","propertyType":"C","presentUse":"Hotel/Motel","landSqft":9390,"acres":0.22,"zoning":"SM-SLU 175/85-280","isCondo":false,"kcUrl":"https://blue.kingcounty.com/Assessor/eRealProperty/Detail.aspx?ParcelNbr=1983200540","currentOwner":"SEATTLE CITY OF","currentCompanyId":"city-of-seattle"}},{"type":"Feature","id":1983200545,"geometry":{"type":"Polygon","coordinates":[[[-122.3345023836299,47.62394297821258],[-122.33513856870934,47.62394529902407],[-122.33513990007047,47.62378058840839],[-122.33514123929547,47.6236161043893],[-122.33514257705208,47.623451615890765],[-122.3344997341168,47.62344920397269],[-122.3345005010636,47.623613795120356],[-122.33450132260361,47.623778387346505],[-122.3345023815547,47.62394272185173],[-122.3345023836299,47.62394297821258]]]},"properties":{"pin":"1983200545","address":"Geo Area","taxpayer":"RF URBANSEA TIC LLC","propertyType":"C","presentUse":"Office Building","landSqft":28386,"acres":0.65,"zoning":"SM-SLU 175/85-280","isCondo":false,"kcUrl":"https://blue.kingcounty.com/Assessor/eRealProperty/Detail.aspx?ParcelNbr=1983200545","currentOwner":"RF URBANSEA TIC LLC +URBAN UNION STAR LLC","currentCompanyId":"auto-rf-urbansea-tic-llc-urban-union-star-llc"}},{"type":"Feature","id":1983200560,"geometry":{"type":"Polygon","coordinates":[[[-122.3344997341168,47.62344920397269],[-122.33514257705208,47.623451615890765],[-122.33514391623424,47.62328713097097],[-122.33449885398277,47.62328460981923],[-122.3344997341168,47.62344920397269]]]},"properties":{"pin":"1983200560","address":"501 FAIRVIEW AVE N","taxpayer":"RF URBANSEA TIC LLC","propertyType":"C","presentUse":"Office Building","landSqft":9528,"acres":0.22,"zoning":"SM-SLU 175/85-280","isCondo":false,"kcUrl":"https://blue.kingcounty.com/Assessor/eRealProperty/Detail.aspx?ParcelNbr=1983200560","currentOwner":"RF URBANSEA TIC LLC +URBAN UNION STAR LLC","currentCompanyId":"auto-rf-urbansea-tic-llc-urban-union-star-llc"}},{"type":"Feature","id":1983200585,"geometry":{"type":"Polygon","coordinates":[[[-122.33521566492054,47.62443671009124],[-122.3353956817075,47.62443489770051],[-122.33562578986638,47.62443245896174],[-122.33565877448802,47.624410055159395],[-122.33569437708333,47.62441020145417],[-122.33569546208683,47.62427636951533],[-122.33569680335097,47.62411187824505],[-122.33569814473641,47.623947391470374],[-122.3356990775473,47.62378290289116],[-122.33570031375706,47.623618414804305],[-122.33570216615574,47.6234539302779],[-122.33570350778388,47.62328931485274],[-122.33539082383514,47.62328809279088],[-122.33522501543963,47.62328745252255],[-122.33522367783794,47.62345198330582],[-122.33522233774927,47.623616520418295],[-122.33522100031239,47.623781057495],[-122.3352196615369,47.62394559458853],[-122.33521832137085,47.62411012990037],[-122.33521698390865,47.62427466697487],[-122.33521566492054,47.62443671009124]]]},"properties":{"pin":"1983200585","address":"500 BOREN AVE N","taxpayer":"AMAZON.COM","propertyType":"C","presentUse":"Office Building","landSqft":49198,"acres":1.13,"zoning":"SM-SLU 175/85-280","isCondo":false,"kcUrl":"https://blue.kingcounty.com/Assessor/eRealProperty/Detail.aspx?ParcelNbr=1983200585","currentOwner":"ACORN DEVELOPMENT LLC","currentCompanyId":"amazon"}},{"type":"Feature","id":1983200605,"geometry":{"type":"Polygon","coordinates":[[[-122.33449709065256,47.62293917553098],[-122.33449795986195,47.62310366817417],[-122.33514537270067,47.62310619786775],[-122.33514569371371,47.622941705690266],[-122.33449709065256,47.62293917553098]]]},"properties":{"pin":"1983200605","address":"1145 REPUBLICAN ST","taxpayer":"SMITH KENDRA","propertyType":"C","presentUse":"Apartment(Mixed Use)","landSqft":9596,"acres":0.22,"zoning":"SM-SLU 175/85-280","isCondo":false,"kcUrl":"https://blue.kingcounty.com/Assessor/eRealProperty/Detail.aspx?ParcelNbr=1983200605","currentOwner":"1145 REPUBLICAN ST WA OWNER LLC","currentCompanyId":"auto-1145-republican-st-wa-owner-llc"}},{"type":"Feature","id":1983200610,"geometry":{"type":"Polygon","coordinates":[[[-122.33449709065256,47.62293917553098],[-122.33514569371371,47.622941705690266],[-122.33514601480262,47.622777216209876],[-122.3344962293256,47.62277467918486],[-122.33449709065256,47.62293917553098]]]},"properties":{"pin":"1983200610","address":"REPUBLICAN ST","taxpayer":"SMITH KENDRA","propertyType":"C","presentUse":"Apartment(Mixed Use)","landSqft":9629,"acres":0.22,"zoning":"SM-SLU 175/85-280","isCondo":false,"kcUrl":"https://blue.kingcounty.com/Assessor/eRealProperty/Detail.aspx?ParcelNbr=1983200610","currentOwner":"1145 REPUBLICAN ST WA OWNER LLC","currentCompanyId":"auto-1145-republican-st-wa-owner-llc"}},{"type":"Feature","id":1983200615,"geometry":{"type":"Polygon","coordinates":[[[-122.3344962293256,47.62277467918486],[-122.33514601480262,47.622777216209876],[-122.3351463358376,47.62261272493024],[-122.33514665700035,47.62244823814629],[-122.33489126695967,47.622447241123325],[-122.33449451479855,47.62244569088145],[-122.33449536818573,47.62261018913278],[-122.3344962293256,47.62277467918486]]]},"properties":{"pin":"1983200615","address":"Geo Area","taxpayer":"SMITH KENDRA","propertyType":"C","presentUse":"Apartment(Mixed Use)","landSqft":19356,"acres":0.44,"zoning":"SM-SLU 175/85-280","isCondo":false,"kcUrl":"https://blue.kingcounty.com/Assessor/eRealProperty/Detail.aspx?ParcelNbr=1983200615","currentOwner":"1145 REPUBLICAN ST WA OWNER LLC","currentCompanyId":"auto-1145-republican-st-wa-owner-llc"}},{"type":"Feature","id":1983200625,"geometry":{"type":"Polygon","coordinates":[[[-122.33449451479855,47.62244569088145],[-122.33489126695967,47.622447241123325],[-122.33489040833307,47.6222827429269],[-122.33489039618591,47.622280247574416],[-122.33488779222066,47.62211820764293],[-122.33449279726293,47.62211673590073],[-122.33449365742638,47.622281192681974],[-122.33449451479855,47.62244569088145]]]},"properties":{"pin":"1983200625","address":"Geo Area","taxpayer":"SMITH KENDRA","propertyType":"C","presentUse":"Apartment(Mixed Use)","landSqft":11806,"acres":0.27,"zoning":"SM-SLU 175/85-280","isCondo":false,"kcUrl":"https://blue.kingcounty.com/Assessor/eRealProperty/Detail.aspx?ParcelNbr=1983200625","currentOwner":"1145 REPUBLICAN ST WA OWNER LLC","currentCompanyId":"auto-1145-republican-st-wa-owner-llc"}},{"type":"Feature","id":1983200626,"geometry":{"type":"Polygon","coordinates":[[[-122.33489126695967,47.622447241123325],[-122.33514665700035,47.62244823814629],[-122.33514697800526,47.622283745965966],[-122.33514730066207,47.62211917279848],[-122.33488779222066,47.62211820764293],[-122.33489039618591,47.622280247574416],[-122.33489040833307,47.6222827429269],[-122.33489126695967,47.622447241123325]]]},"properties":{"pin":"1983200626","address":"Geo Area","taxpayer":"SMITH KENDRA","propertyType":"C","presentUse":"Apartment(Mixed Use)","landSqft":7680,"acres":0.18,"zoning":"SM-SLU 175/85-280","isCondo":false,"kcUrl":"https://blue.kingcounty.com/Assessor/eRealProperty/Detail.aspx?ParcelNbr=1983200626","currentOwner":"1145 REPUBLICAN ST WA OWNER LLC","currentCompanyId":"auto-1145-republican-st-wa-owner-llc"}},{"type":"Feature","id":1983200635,"geometry":{"type":"Polygon","coordinates":[[[-122.33522866775749,47.622284066898715],[-122.33571153186038,47.62228594874943],[-122.33571285173706,47.622121273331835],[-122.33522910548649,47.622119478714914],[-122.33522866775749,47.622284066898715]]]},"properties":{"pin":"1983200635","address":"400 BOREN AVE N","taxpayer":"KW/LF RADIUS LLC","propertyType":"C","presentUse":"Apartment","landSqft":7080,"acres":0.16,"zoning":"SM-SLU 175/85-280","isCondo":false,"kcUrl":"https://blue.kingcounty.com/Assessor/eRealProperty/Detail.aspx?ParcelNbr=1983200635","currentOwner":"KW RADIUS LLC +LF RADIUS TIC LLC","currentCompanyId":"auto-kw-radius-llc-lf-radius-tic-llc"}},{"type":"Feature","id":1983200645,"geometry":{"type":"Polygon","coordinates":[[[-122.335227352611,47.62277753370124],[-122.33570759183611,47.62277941158371],[-122.3357089051685,47.622614923373504],[-122.33571022245705,47.622450434210585],[-122.33571153186038,47.62228594874943],[-122.33522866775749,47.622284066898715],[-122.33522822985613,47.622448557026765],[-122.33522779064778,47.62261304807094],[-122.335227352611,47.62277753370124]]]},"properties":{"pin":"1983200645","address":"Geo Area","taxpayer":"KW/LF RADIUS LLC","propertyType":"C","presentUse":"Apartment","landSqft":21240,"acres":0.49,"zoning":"SM-SLU 175/85-280","isCondo":false,"kcUrl":"https://blue.kingcounty.com/Assessor/eRealProperty/Detail.aspx?ParcelNbr=1983200645","currentOwner":"KW RADIUS LLC +LF RADIUS TIC LLC","currentCompanyId":"auto-kw-radius-llc-lf-radius-tic-llc"}},{"type":"Feature","id":1983200655,"geometry":{"type":"Polygon","coordinates":[[[-122.33522647814489,47.62310651483417],[-122.33570496619086,47.62310837809265],[-122.33570627959182,47.62294389168232],[-122.33570759183611,47.62277941158371],[-122.335227352611,47.62277753370124],[-122.33522691337113,47.62294202384475],[-122.33522647814489,47.62310651483417]]]},"properties":{"pin":"1983200655","address":"424 BOREN AVE N 98109","taxpayer":"KW/LF RADIUS LLC","propertyType":"C","presentUse":"Parking(Assoc)","landSqft":14160,"acres":0.33,"zoning":"SM-SLU 175/85-280","isCondo":false,"kcUrl":"https://blue.kingcounty.com/Assessor/eRealProperty/Detail.aspx?ParcelNbr=1983200655","currentOwner":"KW RADIUS LLC +LF RADIUS TIC LLC","currentCompanyId":"auto-kw-radius-llc-lf-radius-tic-llc"}},{"type":"Feature","id":1984200035,"geometry":{"type":"Polygon","coordinates":[[[-122.33391680759958,47.625861545210206],[-122.3341598754829,47.62585939116408],[-122.33415817675017,47.62553041889331],[-122.33415794909135,47.625486552520506],[-122.334156248975,47.62515757756621],[-122.33391287568774,47.62515973297542],[-122.3336695063191,47.62516188601321],[-122.3334261356519,47.62516404034667],[-122.33318276233017,47.62516619509423],[-122.33293939290101,47.62516834657102],[-122.33280947261487,47.62516949597606],[-122.3326962522933,47.62520055129854],[-122.33269856868799,47.6254994738435],[-122.33269890951387,47.62554333871228],[-122.33270145864758,47.625872310476055],[-122.33294452796169,47.625870159007476],[-122.33318759722975,47.625868006120655],[-122.33343066517342,47.62586585363157],[-122.3336737383919,47.625863699654104],[-122.33391680759958,47.625861545210206]]]},"properties":{"pin":"1984200035","address":"700 FAIRVIEW AVE N 98109","taxpayer":"PUBLIC STORAGE","propertyType":"C","presentUse":"Mini Warehouse","landSqft":92160,"acres":2.12,"zoning":"SM-SLU 145","isCondo":false,"kcUrl":"https://blue.kingcounty.com/Assessor/eRealProperty/Detail.aspx?ParcelNbr=1984200035","currentOwner":"PUBLIC STORAGE","currentCompanyId":"public-storage"}},{"type":"Feature","id":1984200065,"geometry":{"type":"Polygon","coordinates":[[[-122.33270506159137,47.62633867080026],[-122.33270540047377,47.6263822370241],[-122.33270570211816,47.626421279612515],[-122.33270573990318,47.62642609921155],[-122.33270827894805,47.62675508729441],[-122.3327087978543,47.62682008789223],[-122.33270897621836,47.62684201887184],[-122.332708995415,47.62684462388211],[-122.33270914926158,47.62686394992145],[-122.33271117461493,47.627116575293094],[-122.33271139254842,47.627143572340366],[-122.33275491127229,47.62710938253927],[-122.33306896939584,47.62686263431617],[-122.33309701561231,47.626840600427954],[-122.33312506047473,47.62681856655031],[-122.33319619143855,47.62676268214267],[-122.33321152939735,47.62675063130038],[-122.33325445924122,47.62671690156173],[-122.33343683934459,47.626573610527736],[-122.33362715739497,47.626424083731784],[-122.3336350623815,47.6264178703003],[-122.33369152582016,47.62637350406197],[-122.33388881050774,47.62621850172421],[-122.33392054888168,47.62619356449315],[-122.33400780424962,47.6261250083076],[-122.33406610797863,47.626077339440826],[-122.33404129764146,47.626041395275195],[-122.33391938147679,47.626042476370415],[-122.33367607321141,47.62604463036137],[-122.33343276769008,47.62604678739427],[-122.33318946744349,47.62604894293781],[-122.33294615914357,47.62605109626795],[-122.33270285755239,47.626053251688205],[-122.33270506159137,47.62633867080026]]]},"properties":{"pin":"1984200065","address":"800 FAIRVIEW AVE N 98109","taxpayer":"APPLE NINE SEATTLE FEE OWNE","propertyType":"C","presentUse":"Hotel/Motel","landSqft":71202,"acres":1.63,"zoning":"SM-SLU 145","isCondo":false,"kcUrl":"https://blue.kingcounty.com/Assessor/eRealProperty/Detail.aspx?ParcelNbr=1984200065","currentOwner":"APPLE NINE SEATTLE FEE OWNER INC","currentCompanyId":"apple-hospitality"}},{"type":"Feature","id":1984200105,"geometry":{"type":"Polygon","coordinates":[[[-122.33098823097278,47.62774375811922],[-122.33098894212853,47.627834229438115],[-122.3309915786061,47.62816346351481],[-122.33099192865227,47.62820732824555],[-122.33099420942074,47.62849249974988],[-122.33123609171791,47.62830248747125],[-122.33136136895591,47.62820407617674],[-122.33141783890684,47.628159710134014],[-122.33147796692703,47.62811247474778],[-122.33171984052476,47.62792246690498],[-122.33184185603372,47.62782661239568],[-122.33195831376653,47.62773509776047],[-122.33123153201569,47.627741587584126],[-122.33098823097278,47.62774375811922]]]},"properties":{"pin":"1984200105","address":"1000 FAIRVIEW AVE N 98109","taxpayer":"HUTCHINSON FRED CANCER RESE","propertyType":"C","presentUse":"Medical/Dental Office","landSqft":33190,"acres":0.76,"zoning":"SM-SLU 145","isCondo":false,"kcUrl":"https://blue.kingcounty.com/Assessor/eRealProperty/Detail.aspx?ParcelNbr=1984200105","currentOwner":"FRED HUTCHINSON CANCER CENTER","currentCompanyId":"fred-hutch"}},{"type":"Feature","id":1984200130,"geometry":{"type":"Polygon","coordinates":[[[-122.33098823097278,47.62774375811922],[-122.33123153201569,47.627741587584126],[-122.33123083648013,47.627651118754194],[-122.33122829476233,47.6273221308039],[-122.33122795667346,47.62727841074966],[-122.33122761377795,47.62723322979677],[-122.33122542305124,47.62694942538875],[-122.3309821145012,47.62695157626702],[-122.33098464262008,47.627280562585135],[-122.33098498120358,47.627324306920215],[-122.3309861651142,47.627477418854646],[-122.33098752521818,47.62765328942786],[-122.33098823097278,47.62774375811922]]]},"properties":{"pin":"1984200130","address":"1100 FAIRVIEW AVE N 98109","taxpayer":"HUTCHINSON FRED CANCER RESE","propertyType":"C","presentUse":"Medical/Dental Office","landSqft":17340,"acres":0.4,"zoning":"SM-SLU 145","isCondo":false,"kcUrl":"https://blue.kingcounty.com/Assessor/eRealProperty/Detail.aspx?ParcelNbr=1984200130","currentOwner":"FRED HUTCHINSON CANCER CENTER","currentCompanyId":"fred-hutch"}},{"type":"Feature","id":1984200135,"geometry":{"type":"Polygon","coordinates":[[[-122.33123153201569,47.627741587584126],[-122.33195831376653,47.62773509776047],[-122.33196077280455,47.62764460357811],[-122.33195822255811,47.627315618394356],[-122.33195816556155,47.627293685820106],[-122.33195788436505,47.627271962207736],[-122.33195535142232,47.6269429758937],[-122.33171204155063,47.62694512655103],[-122.33151071540124,47.62694691031392],[-122.33146873311854,47.6269472811671],[-122.33122542305124,47.62694942538875],[-122.33122761377795,47.62723322979677],[-122.33122795667346,47.62727841074966],[-122.33122829476233,47.6273221308039],[-122.33123083648013,47.627651118754194],[-122.33123153201569,47.627741587584126]]]},"properties":{"pin":"1984200135","address":"1100 FAIRVIEW AVE N 98109","taxpayer":"FRED HUTCHINSON CANCER RESR","propertyType":"C","presentUse":"Medical/Dental Office","landSqft":52020,"acres":1.19,"zoning":"SM-SLU 145","isCondo":false,"kcUrl":"https://blue.kingcounty.com/Assessor/eRealProperty/Detail.aspx?ParcelNbr=1984200135","currentOwner":"FRED HUTCHINSON CANCER CENTER","currentCompanyId":"fred-hutch"}},{"type":"Feature","id":1984200160,"geometry":{"type":"Polygon","coordinates":[[[-122.33195535142232,47.6269429758937],[-122.33195788436505,47.627271962207736],[-122.33195816556155,47.627293685820106],[-122.33195822255811,47.627315618394356],[-122.33196077280455,47.62764460357811],[-122.33195831376653,47.62773509776047],[-122.33205459565667,47.627659480230754],[-122.33207484284586,47.6276435793622],[-122.33220331105584,47.6275426844472],[-122.33244541931809,47.62735255135261],[-122.33244508118909,47.62731126652632],[-122.33244490418721,47.62728933283125],[-122.3324447291988,47.62726765369861],[-122.33244422818741,47.62720566385483],[-122.33244279996315,47.62702843122429],[-122.33244207473449,47.62693866715607],[-122.33219865590112,47.626940822987905],[-122.33195535142232,47.6269429758937]]]},"properties":{"pin":"1984200160","address":"1100 FAIRVIEW AVE N 98109","taxpayer":"FRED HUTCHINSON","propertyType":"C","presentUse":"Medical/Dental Office","landSqft":26423,"acres":0.61,"zoning":"SM-SLU 145","isCondo":false,"kcUrl":"https://blue.kingcounty.com/Assessor/eRealProperty/Detail.aspx?ParcelNbr=1984200160","currentOwner":"FRED HUTCHINSON CANCER CENTER","currentCompanyId":"fred-hutch"}},{"type":"Feature","id":1984200185,"geometry":{"type":"Polygon","coordinates":[[[-122.33097810169927,47.62644141872408],[-122.33098070162937,47.626770636199865],[-122.33122402662623,47.62676848509707],[-122.33140246935383,47.62676690945209],[-122.3314673503246,47.62676633529018],[-122.33169121820873,47.62676435651573],[-122.33171067528129,47.626764183147195],[-122.33188911391095,47.62676260409414],[-122.33188758434123,47.62656575867665],[-122.3318873008749,47.626529450661025],[-122.33184675036203,47.626529806406346],[-122.33184600475808,47.62643380203947],[-122.33184566195912,47.626389936304975],[-122.33195109695214,47.626389009666966],[-122.33194853392477,47.62605985371646],[-122.33194837562897,47.626059855800634],[-122.3317051915418,47.626061979652604],[-122.33146184499292,47.626064099725504],[-122.33121850382277,47.62606622190596],[-122.33097515733778,47.626068344535504],[-122.33097775582266,47.626397559334315],[-122.33097810169927,47.62644141872408]]]},"properties":{"pin":"1984200185","address":"823 YALE AVE N 98109","taxpayer":"HUTCHINSON FRED CANCER RESE","propertyType":"C","presentUse":"Medical/Dental Office","landSqft":58754,"acres":1.35,"zoning":"SM-SLU 145","isCondo":false,"kcUrl":"https://blue.kingcounty.com/Assessor/eRealProperty/Detail.aspx?ParcelNbr=1984200185","currentOwner":"FRED HUTCHINSON CANCER CENTER","currentCompanyId":"fred-hutch"}},{"type":"Feature","id":1984200205,"geometry":{"type":"Polygon","coordinates":[[[-122.33195109695214,47.626389009666966],[-122.33219442854588,47.62638687167235],[-122.33243776413612,47.626384734004326],[-122.33243521878651,47.626055605679205],[-122.33219188035619,47.626057729905384],[-122.33194853392477,47.62605985371646],[-122.33195109695214,47.626389009666966]]]},"properties":{"pin":"1984200205","address":"1210 VALLEY ST 98109","taxpayer":"FRED HUTCHINSON CANCER RESE","propertyType":"C","presentUse":"Daycare Center","landSqft":14400,"acres":0.33,"zoning":"SM-SLU 145","isCondo":false,"kcUrl":"https://blue.kingcounty.com/Assessor/eRealProperty/Detail.aspx?ParcelNbr=1984200205","currentOwner":"FRED HUTCHINSON CANCER CENTER","currentCompanyId":"fred-hutch"}},{"type":"Feature","id":1984200215,"geometry":{"type":"Polygon","coordinates":[[[-122.33219731983912,47.62675987827019],[-122.33244064481313,47.626757727264696],[-122.33243810341769,47.62642859889036],[-122.33219477161292,47.626430736506535],[-122.33207297398472,47.62643180595435],[-122.33207557879592,47.62676095236318],[-122.33219731983912,47.62675987827019]]]},"properties":{"pin":"1984200215","address":"820 MINOR AVE N 98109","taxpayer":"FRED HUTCHINSON CANCER RESE","propertyType":"C","presentUse":"Medical/Dental Office","landSqft":10800,"acres":0.25,"zoning":"SM-SLU 145","isCondo":false,"kcUrl":"https://blue.kingcounty.com/Assessor/eRealProperty/Detail.aspx?ParcelNbr=1984200215","currentOwner":"FRED HUTCHINSON CANCER CENTER","currentCompanyId":"fred-hutch"}},{"type":"Feature","id":1984200216,"geometry":{"type":"Polygon","coordinates":[[[-122.33195196435234,47.62650064400827],[-122.33195399494863,47.62676203235263],[-122.33207557879592,47.62676095236318],[-122.33207297398472,47.62643180595435],[-122.33201956133824,47.62643227624542],[-122.33195143582341,47.6264328745544],[-122.33195196435234,47.62650064400827]]]},"properties":{"pin":"1984200216","address":"1211 ALOHA ST 98109","taxpayer":"HUTCHINSON FRED CANCER RESE","propertyType":"C","presentUse":"Industrial(Gen Purpose)","landSqft":3600,"acres":0.08,"zoning":"SM-SLU 145","isCondo":false,"kcUrl":"https://blue.kingcounty.com/Assessor/eRealProperty/Detail.aspx?ParcelNbr=1984200216","currentOwner":"FRED HUTCHINSON CANCER CENTER","currentCompanyId":"fred-hutch"}},{"type":"Feature","id":1984200260,"geometry":{"type":"Polygon","coordinates":[[[-122.33194422155576,47.62550059315209],[-122.33200910915568,47.62550002666967],[-122.33201315812038,47.625499921179674],[-122.3320171952435,47.62549968180393],[-122.33202121103227,47.62549930237021],[-122.3320251964343,47.62549879199376],[-122.33202913666193,47.6254981454717],[-122.33203302386342,47.62549736740547],[-122.3320368514136,47.62549645878184],[-122.33204060076744,47.62549542254387],[-122.33204427455931,47.62549425775727],[-122.33204785575566,47.62549297364241],[-122.33205134031407,47.6254915684533],[-122.33205471112328,47.6254900487125],[-122.33205796554873,47.62548841535434],[-122.33206110382366,47.62548667647223],[-122.33206410070004,47.62548483329825],[-122.33206696559294,47.62548288930684],[-122.33206967609624,47.6254808519899],[-122.33207223502573,47.625478726708025],[-122.33207463841678,47.62547651441299],[-122.33207686396688,47.625474226193894],[-122.33207892508167,47.62547186547246],[-122.33208080598007,47.62546943875389],[-122.33208251073047,47.625466948683425],[-122.33208402368146,47.6254644062624],[-122.33208534764877,47.62546181685146],[-122.33208648138003,47.62545918316593],[-122.3320874185352,47.62545651608449],[-122.3320881513144,47.625453822007145],[-122.33208869442761,47.62545110343911],[-122.33208902836236,47.6254483759305],[-122.33208915996433,47.62544449149236],[-122.33208819781242,47.62539377710314],[-122.33216523823478,47.62539310538037],[-122.33216687232502,47.62547808326293],[-122.3321671905819,47.62548081567758],[-122.33216805013625,47.625483491485745],[-122.33216942188795,47.62548607058843],[-122.33217129233641,47.62548850008642],[-122.33217362429667,47.62549073638866],[-122.33217637570333,47.62549275126167],[-122.33217949729581,47.62549449767478],[-122.33218293769727,47.62549594751726],[-122.33218662836768,47.625497077402116],[-122.33218755065543,47.62549726586935],[-122.33219050864467,47.62549786024037],[-122.33219767743368,47.625498377570274],[-122.33243083585064,47.62549634059613],[-122.33242927698075,47.62528857430465],[-122.3321864541329,47.625355205318634],[-122.33218629304058,47.625355248821954],[-122.33194361488205,47.62542184231962],[-122.33194422155576,47.62550059315209]]]},"properties":{"pin":"1984200260","address":"1213 VALLEY ST 98109","taxpayer":"SEATTLE CANCER CARE ALLIANC","propertyType":"C","presentUse":"Parking(Assoc)","landSqft":5403,"acres":0.12,"zoning":"SM-SLU 145","isCondo":false,"kcUrl":"https://blue.kingcounty.com/Assessor/eRealProperty/Detail.aspx?ParcelNbr=1984200260","currentOwner":"FRED HUTCHINSON CANCER CENTER","currentCompanyId":"fred-hutch"}},{"type":"Feature","id":1984200270,"geometry":{"type":"Polygon","coordinates":[[[-122.33194713367853,47.62587891344687],[-122.33219047926367,47.62587678963876],[-122.33243382482897,47.62587466531047],[-122.33243127981466,47.62554568541227],[-122.3321879398564,47.62554781238039],[-122.33194460386879,47.625549938775805],[-122.33194713367853,47.62587891344687]]]},"properties":{"pin":"1984200270","address":"1201 VALLEY ST 98109","taxpayer":"FRED HUTCHINSON CANCER CENT","propertyType":"C","presentUse":"Warehouse","landSqft":14400,"acres":0.33,"zoning":"SM-SLU 145","isCondo":false,"kcUrl":"https://blue.kingcounty.com/Assessor/eRealProperty/Detail.aspx?ParcelNbr=1984200270","currentOwner":"FRED HUTCHINSON CANCER CENTER","currentCompanyId":"fred-hutch"}},{"type":"Feature","id":1984200280,"geometry":{"type":"Polygon","coordinates":[[[-122.3309737564601,47.62588740340727],[-122.33121710212471,47.62588528167994],[-122.33146044643924,47.62588315944994],[-122.33170378807347,47.62588103673476],[-122.33194713367853,47.62587891344687],[-122.33194460386879,47.625549938775805],[-122.33170126520099,47.62555206468604],[-122.33146141211469,47.62555416039103],[-122.33145793589608,47.62555511654807],[-122.33121509012268,47.62562219106412],[-122.3309722429892,47.62568891602406],[-122.33097264048789,47.625740762346524],[-122.3309737564601,47.62588740340727]]]},"properties":{"pin":"1984200280","address":"1213 VALLEY ST 98109","taxpayer":"SEATTLE CANCER CARE ALLIANC","propertyType":"C","presentUse":"Office Building","landSqft":26040,"acres":0.6,"zoning":"SM-SLU 145","isCondo":false,"kcUrl":"https://blue.kingcounty.com/Assessor/eRealProperty/Detail.aspx?ParcelNbr=1984200280","currentOwner":"FRED HUTCHINSON CANCER CENTER","currentCompanyId":"fred-hutch"}},{"type":"Feature","id":1984200291,"geometry":{"type":"Polygon","coordinates":[[[-122.33083993986924,47.62588856942107],[-122.3309737564601,47.62588740340727],[-122.33097264048789,47.625740762346524],[-122.3309722429892,47.62568891602406],[-122.33083869162407,47.6257250246887],[-122.33070515374581,47.625762301606244],[-122.33046233491375,47.62582806610761],[-122.33021951544197,47.62589382919165],[-122.33021829932069,47.62589415824829],[-122.33021951529102,47.625894147654506],[-122.33046281911865,47.6258919588209],[-122.33070612169914,47.62588977308184],[-122.33083993986924,47.62588856942107]]]},"properties":{"pin":"1984200291","address":"Geo Area","taxpayer":"SEATTLE CANCER CARE ALLIANC","propertyType":"C","presentUse":"Vacant(Industrial)","landSqft":6845,"acres":0.16,"zoning":"SM-SLU 145","isCondo":false,"kcUrl":"https://blue.kingcounty.com/Assessor/eRealProperty/Detail.aspx?ParcelNbr=1984200291","currentOwner":"FRED HUTCHINSON CANCER CENTER","currentCompanyId":"fred-hutch"}},{"type":"Feature","id":1984200396,"geometry":{"type":"Polygon","coordinates":[[[-122.3302339756824,47.62775034576215],[-122.33072047445455,47.627746113110895],[-122.33072058752674,47.62774611162341],[-122.33072058835928,47.62774600186039],[-122.33071987699415,47.62765564569822],[-122.3307173455369,47.62732671701809],[-122.3307171720015,47.62730478598318],[-122.33047412422617,47.62730689993714],[-122.3302305801703,47.62730901719967],[-122.33023074559668,47.627330951038054],[-122.33023327914331,47.62765987426336],[-122.3302339756824,47.62775034576215]]]},"properties":{"pin":"1984200396","address":"1305 WARD ST 98109","taxpayer":"HUTCHINSON FRED CANCER RESE","propertyType":"C","presentUse":"Parking(Commercial Lot)","landSqft":19320,"acres":0.44,"zoning":"SM-SLU 145","isCondo":false,"kcUrl":"https://blue.kingcounty.com/Assessor/eRealProperty/Detail.aspx?ParcelNbr=1984200396","currentOwner":"FRED HUTCHINSON CANCER CENTER","currentCompanyId":"fred-hutch"}},{"type":"Feature","id":1984200411,"geometry":{"type":"Polygon","coordinates":[[[-122.32938649601266,47.627757709321564],[-122.3302339756824,47.62775034576215],[-122.33023327914331,47.62765987426336],[-122.33023074559668,47.627330951038054],[-122.3302305801703,47.62730901719967],[-122.33047412422617,47.62730689993714],[-122.3307171720015,47.62730478598318],[-122.33071700637012,47.62728285214548],[-122.3307144750527,47.626953927059084],[-122.33047117218,47.62695604438419],[-122.33022787061772,47.62695816117181],[-122.32998456911318,47.626960280137226],[-122.3297412701718,47.62696239584985],[-122.32949796862772,47.62696451377524],[-122.32937631977892,47.62696557026857],[-122.32937885977434,47.627294489761724],[-122.32937920047345,47.62733835460327],[-122.3293817404277,47.62766727139523],[-122.32938649601266,47.627757709321564]]]},"properties":{"pin":"1984200411","address":"810 YALE AVE N 98109","taxpayer":"HUTCHINSON FRED CANCER RESE","propertyType":"C","presentUse":"Parking(Commercial Lot)","landSqft":75600,"acres":1.74,"zoning":"SM-SLU 145","isCondo":false,"kcUrl":"https://blue.kingcounty.com/Assessor/eRealProperty/Detail.aspx?ParcelNbr=1984200411","currentOwner":"FRED HUTCHINSON CANCER CENTER","currentCompanyId":"fred-hutch"}},{"type":"Feature","id":1984200455,"geometry":{"type":"Polygon","coordinates":[[[-122.32927256882878,47.62918980428715],[-122.32926051077887,47.62920156947806],[-122.32921936317065,47.62924171630873],[-122.32923811748496,47.62924520951124],[-122.32926093663134,47.62924946253546],[-122.32939498842507,47.629274450563905],[-122.3293950418218,47.62928042504936],[-122.32939919327332,47.62974545541756],[-122.32949181579805,47.62967269412554],[-122.32951999523017,47.629650560452404],[-122.32966546201327,47.6295362829595],[-122.32976159362391,47.62946076299513],[-122.33000319035821,47.62927096862122],[-122.33014096790194,47.62916273439549],[-122.33024478932052,47.629081173681115],[-122.33048638252912,47.62889137827981],[-122.33064167693269,47.62876937843735],[-122.33070448833344,47.62872003188846],[-122.33071791175924,47.628611617297096],[-122.3307269167629,47.62853888526278],[-122.33072428240729,47.628209667370136],[-122.33072393258671,47.628165802638584],[-122.33072130228554,47.627836585589286],[-122.33072058752674,47.62774611162341],[-122.33072047445455,47.627746113110895],[-122.3302339756824,47.62775034576215],[-122.32938649601266,47.627757709321564],[-122.32939125417126,47.627848143615395],[-122.32939381979668,47.62817734794063],[-122.32939416442741,47.62822121003089],[-122.32939672476854,47.628550414422634],[-122.32939733719765,47.628623066702765],[-122.32939825732979,47.62873135645426],[-122.32939992087869,47.62891750008829],[-122.32939993412643,47.6289205055],[-122.32939991984144,47.62892324768878],[-122.32939988017745,47.62892598661271],[-122.32939981792435,47.628928726733115],[-122.32939973446426,47.62893146983111],[-122.32939962698126,47.628934210546014],[-122.3293994901542,47.62893694894775],[-122.3293993333728,47.62893968761177],[-122.32939915264618,47.62894242659049],[-122.32939894797423,47.62894516588392],[-122.32939872194,47.62894790275933],[-122.3293984679696,47.62895064000189],[-122.32939819396725,47.628953374808894],[-122.32939789200285,47.628956109083845],[-122.32939756870198,47.62895884183998],[-122.32939722137826,47.62896157221304],[-122.32939684877898,47.628964302918284],[-122.32939645745208,47.62896703027125],[-122.32939603688453,47.62896975890816],[-122.32939559620746,47.62897248241166],[-122.32939513022885,47.628975205348155],[-122.32939464158349,47.62897792678336],[-122.32939412763669,47.62898064765146],[-122.32939358429407,47.628983364407866],[-122.32939303028314,47.62898608040492],[-122.32939244285973,47.628988791443454],[-122.32939308478197,47.629060618395776],[-122.32939328171031,47.629082549116916],[-122.32938240520183,47.629082645288],[-122.32927256882878,47.62918980428715]]]},"properties":{"pin":"1984200455","address":"1100 FAIRVIEW AVE N 98109","taxpayer":"HUTCHINSON FRED CANCER RESE","propertyType":"C","presentUse":"Medical/Dental Office","landSqft":177682,"acres":4.08,"zoning":"SM-SLU 145","isCondo":false,"kcUrl":"https://blue.kingcounty.com/Assessor/eRealProperty/Detail.aspx?ParcelNbr=1984200455","currentOwner":"FRED HUTCHINSON CANCER CENTER","currentCompanyId":"fred-hutch"}},{"type":"Feature","id":1986200065,"geometry":{"type":"Polygon","coordinates":[[[-122.33865002990413,47.62061968673826],[-122.33864862036634,47.62078429783391],[-122.33908434860356,47.620785915109394],[-122.33908570522827,47.62062131638512],[-122.3390776130561,47.62062128580759],[-122.33865002990413,47.62061968673826]]]},"properties":{"pin":"1986200065","address":"233 WESTLAKE AVE N 98109","taxpayer":"FORTUNA SEQUITUR LLC","propertyType":"C","presentUse":"Retail Store","landSqft":6480,"acres":0.15,"zoning":"SM-SLU 175/85-280","isCondo":false,"kcUrl":"https://blue.kingcounty.com/Assessor/eRealProperty/Detail.aspx?ParcelNbr=1986200065","currentOwner":"FORTUNA SEQUITUR LLC","currentCompanyId":"auto-fortuna-sequitur-llc"}},{"type":"Feature","id":1986200070,"geometry":{"type":"Polygon","coordinates":[[[-122.33865002990413,47.62061968673826],[-122.3390776130561,47.62062128580759],[-122.33907896030924,47.620456684508106],[-122.33865144352731,47.6204550791862],[-122.33865002990413,47.62061968673826]]]},"properties":{"pin":"1986200070","address":"227 WESTLAKE AVE N 98109","taxpayer":"WESTLAKE HOLDINGS LLC","propertyType":"C","presentUse":"Office Building","landSqft":6480,"acres":0.15,"zoning":"SM-SLU 175/85-280","isCondo":false,"kcUrl":"https://blue.kingcounty.com/Assessor/eRealProperty/Detail.aspx?ParcelNbr=1986200070","currentOwner":"WESTLAKE PROPERTY HOLDINGS LLC","currentCompanyId":"auto-westlake-property-holdings-llc"}},{"type":"Feature","id":1986200075,"geometry":{"type":"Polygon","coordinates":[[[-122.33865144352731,47.6204550791862],[-122.33907896030924,47.620456684508106],[-122.3390803076059,47.62029208500646],[-122.3386528571155,47.620290470734176],[-122.33865144352731,47.6204550791862]]]},"properties":{"pin":"1986200075","address":"227 WESTLAKE AVE N 98109","taxpayer":"WESTLAKE HOLDINGS LLC","propertyType":"C","presentUse":"Vacant(Commercial)","landSqft":6480,"acres":0.15,"zoning":"SM-SLU 175/85-280","isCondo":false,"kcUrl":"https://blue.kingcounty.com/Assessor/eRealProperty/Detail.aspx?ParcelNbr=1986200075","currentOwner":"WESTLAKE PROPERTY HOLDINGS LLC","currentCompanyId":"auto-westlake-property-holdings-llc"}},{"type":"Feature","id":1986200080,"geometry":{"type":"Polygon","coordinates":[[[-122.3386528571155,47.620290470734176],[-122.3390803076059,47.62029208500646],[-122.3390809870047,47.620209731202685],[-122.33865356478398,47.6202081048731],[-122.3386528571155,47.620290470734176]]]},"properties":{"pin":"1986200080","address":"227 WESTLAKE AVE N 98109","taxpayer":"WESTLAKE HOLDINGS LLC","propertyType":"C","presentUse":"Vacant(Commercial)","landSqft":3240,"acres":0.07,"zoning":"SM-SLU 175/85-280","isCondo":false,"kcUrl":"https://blue.kingcounty.com/Assessor/eRealProperty/Detail.aspx?ParcelNbr=1986200080","currentOwner":"WESTLAKE PROPERTY HOLDINGS LLC","currentCompanyId":"auto-westlake-property-holdings-llc"}},{"type":"Feature","id":1986200082,"geometry":{"type":"Polygon","coordinates":[[[-122.33865356478398,47.6202081048731],[-122.3390809870047,47.620209731202685],[-122.3390816603184,47.62012748903077],[-122.33865426670451,47.62012586233423],[-122.33865356478398,47.6202081048731]]]},"properties":{"pin":"1986200082","address":"227 WESTLAKE AVE N 98109","taxpayer":"WESTLAKE HOLDINGS LLC","propertyType":"C","presentUse":"Vacant(Commercial)","landSqft":3240,"acres":0.07,"zoning":"SM-SLU 175/85-280","isCondo":false,"kcUrl":"https://blue.kingcounty.com/Assessor/eRealProperty/Detail.aspx?ParcelNbr=1986200082","currentOwner":"WESTLAKE PROPERTY HOLDINGS LLC","currentCompanyId":"auto-westlake-property-holdings-llc"}},{"type":"Feature","id":1986200085,"geometry":{"type":"Polygon","coordinates":[[[-122.33865426670451,47.62012586233423],[-122.3390816603184,47.62012748903077],[-122.33908299959157,47.61996288873406],[-122.33908433765643,47.619798292950584],[-122.3386570951923,47.61979664630851],[-122.33865568030087,47.61996125478015],[-122.33865426670451,47.62012586233423]]]},"properties":{"pin":"1986200085","address":"201 WESTLAKE AVE N","taxpayer":"CITIZENM SEATTLE S LK UNION","propertyType":"C","presentUse":"Hotel/Motel","landSqft":12720,"acres":0.29,"zoning":"SM-SLU 175/85-280","isCondo":false,"kcUrl":"https://blue.kingcounty.com/Assessor/eRealProperty/Detail.aspx?ParcelNbr=1986200085","currentOwner":"CITIZENM SEATTLE SOUTH LAKE UNION PROPERTIES LLC","currentCompanyId":"auto-citizenm-seattle-south-lake-union-properties-llc"}},{"type":"Feature","id":1986200095,"geometry":{"type":"Polygon","coordinates":[[[-122.33916273162161,47.620127794587084],[-122.33964119027763,47.6201296134399],[-122.33964253354368,47.61996502835371],[-122.3396438793572,47.619800439634574],[-122.33916543382189,47.61979860176768],[-122.33916408404305,47.61996319771048],[-122.33916273162161,47.620127794587084]]]},"properties":{"pin":"1986200095","address":"910 JOHN ST","taxpayer":"BELKORP HOLDINGS INC","propertyType":"C","presentUse":"Apartment(Mixed Use)","landSqft":14160,"acres":0.33,"zoning":"SM-SLU 175/85-280","isCondo":false,"kcUrl":"https://blue.kingcounty.com/Assessor/eRealProperty/Detail.aspx?ParcelNbr=1986200095","currentOwner":"BELKORP ORION LLC","currentCompanyId":"auto-belkorp-orion-llc"}},{"type":"Feature","id":1986200105,"geometry":{"type":"Polygon","coordinates":[[[-122.33916138331193,47.620292395906525],[-122.33963984442106,47.62029420125838],[-122.33964119027763,47.6201296134399],[-122.33916273162161,47.620127794587084],[-122.33916138331193,47.620292395906525]]]},"properties":{"pin":"1986200105","address":"Geo Area","taxpayer":"BELKORP HOLDINGS INC","propertyType":"C","presentUse":"Apartment(Mixed Use)","landSqft":7080,"acres":0.16,"zoning":"SM-SLU 175/85-280","isCondo":false,"kcUrl":"https://blue.kingcounty.com/Assessor/eRealProperty/Detail.aspx?ParcelNbr=1986200105","currentOwner":"BELKORP ORION LLC","currentCompanyId":"auto-belkorp-orion-llc"}},{"type":"Feature","id":1986200110,"geometry":{"type":"Polygon","coordinates":[[[-122.33916003348145,47.620456990948014],[-122.33963849855596,47.62045878907624],[-122.33963984442106,47.62029420125838],[-122.33916138331193,47.620292395906525],[-122.33916003348145,47.620456990948014]]]},"properties":{"pin":"1986200110","address":"Geo Area","taxpayer":"234 9TH LLC","propertyType":"C","presentUse":"Office Building","landSqft":7080,"acres":0.16,"zoning":"SM-SLU 175/85-280","isCondo":false,"kcUrl":"https://blue.kingcounty.com/Assessor/eRealProperty/Detail.aspx?ParcelNbr=1986200110","currentOwner":"SEATTLE CITY OF","currentCompanyId":"city-of-seattle"}},{"type":"Feature","id":1986200115,"geometry":{"type":"Polygon","coordinates":[[[-122.33915868492046,47.620621584172675],[-122.33963715135228,47.62062337691096],[-122.33963849855596,47.62045878907624],[-122.33916003348145,47.620456990948014],[-122.33915868492046,47.620621584172675]]]},"properties":{"pin":"1986200115","address":"Geo Area","taxpayer":"234 9TH LLC","propertyType":"C","presentUse":"Office Building","landSqft":7080,"acres":0.16,"zoning":"SM-SLU 175/85-280","isCondo":false,"kcUrl":"https://blue.kingcounty.com/Assessor/eRealProperty/Detail.aspx?ParcelNbr=1986200115","currentOwner":"SEATTLE CITY OF","currentCompanyId":"city-of-seattle"}},{"type":"Feature","id":1986200120,"geometry":{"type":"Polygon","coordinates":[[[-122.3391573352812,47.62078618640689],[-122.33963580549619,47.620787965626704],[-122.33963715135228,47.62062337691096],[-122.33915868492046,47.620621584172675],[-122.3391573352812,47.62078618640689]]]},"properties":{"pin":"1986200120","address":"234 9TH AVE N 98109","taxpayer":"234 9TH LLC","propertyType":"C","presentUse":"Office Building","landSqft":7080,"acres":0.16,"zoning":"SM-SLU 175/85-280","isCondo":false,"kcUrl":"https://blue.kingcounty.com/Assessor/eRealProperty/Detail.aspx?ParcelNbr=1986200120","currentOwner":"SEATTLE CITY OF","currentCompanyId":"city-of-seattle"}},{"type":"Feature","id":1986200125,"geometry":{"type":"Polygon","coordinates":[[[-122.33863893232025,47.62195145174873],[-122.33907563544209,47.6219530832811],[-122.3390768562325,47.62178870856303],[-122.33864028770903,47.62178708247019],[-122.33863893232025,47.62195145174873]]]},"properties":{"pin":"1986200125","address":"333 WESTLAKE AVE N 98109","taxpayer":"333 WESTLAKE L L C","propertyType":"C","presentUse":"Retail Store","landSqft":6480,"acres":0.15,"zoning":"SM-SLU 175/85-280","isCondo":false,"kcUrl":"https://blue.kingcounty.com/Assessor/eRealProperty/Detail.aspx?ParcelNbr=1986200125","currentOwner":"333 WESTLAKE L L C","currentCompanyId":"auto-333-westlake-llc"}},{"type":"Feature","id":1986200130,"geometry":{"type":"Polygon","coordinates":[[[-122.33864028770903,47.62178708247019],[-122.3390768562325,47.62178870856303],[-122.33907806916471,47.621624338446146],[-122.3386416511739,47.62162271668251],[-122.33864028770903,47.62178708247019]]]},"properties":{"pin":"1986200130","address":"325 WESTLAKE AVE N 98109","taxpayer":"325 WESTLAKE LLC","propertyType":"C","presentUse":"Apartment(Mixed Use)","landSqft":6480,"acres":0.15,"zoning":"SM-SLU 175/85-280","isCondo":false,"kcUrl":"https://blue.kingcounty.com/Assessor/eRealProperty/Detail.aspx?ParcelNbr=1986200130","currentOwner":"325 WESTLAKE LLC","currentCompanyId":"auto-325-westlake-llc"}},{"type":"Feature","id":1986200135,"geometry":{"type":"Polygon","coordinates":[[[-122.3386416511739,47.62162271668251],[-122.33907806916471,47.621624338446146],[-122.3390792848536,47.621459971890445],[-122.33908050567295,47.621295598968835],[-122.33908172259846,47.621131229696324],[-122.33908294448332,47.62096620454249],[-122.33864709488212,47.620965227569215],[-122.33864573186798,47.62112960774793],[-122.33864436717687,47.6212939762531],[-122.33864301178785,47.62145834463441],[-122.3386416511739,47.62162271668251]]]},"properties":{"pin":"1986200135","address":"307 WESTLAKE AVE N 98109","taxpayer":"RYAN LLC","propertyType":"C","presentUse":"Medical/Dental Office","landSqft":25920,"acres":0.6,"zoning":"SM-SLU 175/85-280","isCondo":false,"kcUrl":"https://blue.kingcounty.com/Assessor/eRealProperty/Detail.aspx?ParcelNbr=1986200135","currentOwner":"BMR WESTLAKE LLC","currentCompanyId":"auto-bmr-westlake-llc"}},{"type":"Feature","id":1986200155,"geometry":{"type":"Polygon","coordinates":[[[-122.33915470577018,47.62113150104833],[-122.33963317790867,47.62113328299453],[-122.3396344023234,47.62096822179379],[-122.3391478169696,47.62096641317639],[-122.3391465962275,47.621131470704505],[-122.33915470577018,47.62113150104833]]]},"properties":{"pin":"1986200155","address":"900 THOMAS ST 98109","taxpayer":"FIRST CHURCH OF CHRIST SCIE","propertyType":"C","presentUse":"Office Building","landSqft":7200,"acres":0.17,"zoning":"SM-SLU 175/85-280","isCondo":false,"kcUrl":"https://blue.kingcounty.com/Assessor/eRealProperty/Detail.aspx?ParcelNbr=1986200155","currentOwner":"FIRST CHURCH OF CHRIST SCIENTIST SEATTLE","currentCompanyId":"auto-first-church-of-christ-scientist-seattle"}},{"type":"Feature","id":1986200160,"geometry":{"type":"Polygon","coordinates":[[[-122.33915349322173,47.62129587566439],[-122.33963196405531,47.621297652255315],[-122.33963317790867,47.62113328299453],[-122.33915470577018,47.62113150104833],[-122.33915349322173,47.62129587566439]]]},"properties":{"pin":"1986200160","address":"308 9TH AVE N 98109","taxpayer":"9TH SPACE LLC","propertyType":"C","presentUse":"Retail Store","landSqft":7080,"acres":0.16,"zoning":"SM-SLU 175/85-280","isCondo":false,"kcUrl":"https://blue.kingcounty.com/Assessor/eRealProperty/Detail.aspx?ParcelNbr=1986200160","currentOwner":"SEATTLE CITY OF","currentCompanyId":"city-of-seattle"}},{"type":"Feature","id":1986200165,"geometry":{"type":"Polygon","coordinates":[[[-122.33915227388492,47.621460245871376],[-122.3396307489684,47.62146202513],[-122.33963196405531,47.621297652255315],[-122.33915349322173,47.62129587566439],[-122.33914538367942,47.62129584621969],[-122.3391441629609,47.621460215544964],[-122.33915227388492,47.621460245871376]]]},"properties":{"pin":"1986200165","address":"312 9TH AVE N 98109","taxpayer":"CITY INVESTORS XXVIII LLC","propertyType":"C","presentUse":"Office Building","landSqft":7200,"acres":0.17,"zoning":"SM-SLU 175/85-280","isCondo":false,"kcUrl":"https://blue.kingcounty.com/Assessor/eRealProperty/Detail.aspx?ParcelNbr=1986200165","currentOwner":"CITY INVESTORS XXVIII LLC","currentCompanyId":"vulcan"}},{"type":"Feature","id":1986200170,"geometry":{"type":"Polygon","coordinates":[[[-122.33915105701844,47.62162460974763],[-122.33962953384774,47.62162639710478],[-122.3396307489684,47.62146202513],[-122.33915227388492,47.621460245871376],[-122.33915105701844,47.62162460974763]]]},"properties":{"pin":"1986200170","address":"316 9TH AVE N 98109","taxpayer":"CITY INVESTORS XXVIII LLC","propertyType":"C","presentUse":"Parking(Assoc)","landSqft":7080,"acres":0.16,"zoning":"SM-SLU 175/85-280","isCondo":false,"kcUrl":"https://blue.kingcounty.com/Assessor/eRealProperty/Detail.aspx?ParcelNbr=1986200170","currentOwner":"CITY INVESTORS XXVIII LLC","currentCompanyId":"vulcan"}},{"type":"Feature","id":1986200175,"geometry":{"type":"Polygon","coordinates":[[[-122.3391417307594,47.621788952271736],[-122.33914051411219,47.62195332513917],[-122.33962721408665,47.62195514318816],[-122.33962831608521,47.621790770013305],[-122.33962953384774,47.62162639710478],[-122.33915105701844,47.62162460974763],[-122.33914984037854,47.62178898171665],[-122.3391417307594,47.621788952271736]]]},"properties":{"pin":"1986200175","address":"901 HARRISON ST 98109","taxpayer":"CITY INVESTORS XXVIII LLC","propertyType":"C","presentUse":"Retail Store","landSqft":14280,"acres":0.33,"zoning":"SM-SLU 175/85-280","isCondo":false,"kcUrl":"https://blue.kingcounty.com/Assessor/eRealProperty/Detail.aspx?ParcelNbr=1986200175","currentOwner":"CITY INVESTORS XXVIII LLC","currentCompanyId":"vulcan"}},{"type":"Feature","id":1986200185,"geometry":{"type":"Polygon","coordinates":[[[-122.3372860552341,47.6219464843271],[-122.33777263670363,47.62194826599008],[-122.33777398998056,47.621783867098834],[-122.33777534332698,47.6216194709048],[-122.33777669403068,47.62145507564444],[-122.33777804329169,47.62129067680387],[-122.33777939254415,47.62112627796265],[-122.33778074562234,47.62096187367237],[-122.33729415377657,47.62095996635785],[-122.33729280393108,47.62112439756756],[-122.33729145759935,47.62128881253706],[-122.33729010338257,47.621453231208406],[-122.33728875578176,47.62161764889192],[-122.3372874055122,47.621782066609825],[-122.3372860552341,47.6219464843271]]]},"properties":{"pin":"1986200185","address":"321 TERRY AVE N","taxpayer":"KR WESTLAKE TERRY LLC","propertyType":"C","presentUse":"Office Building","landSqft":43200,"acres":0.99,"zoning":"SM-SLU 175/85-280","isCondo":false,"kcUrl":"https://blue.kingcounty.com/Assessor/eRealProperty/Detail.aspx?ParcelNbr=1986200185","currentOwner":"KR WESTLAKE TERRY LLC","currentCompanyId":"kilroy"}},{"type":"Feature","id":1986200215,"geometry":{"type":"Polygon","coordinates":[[[-122.33827875180123,47.62137472672658],[-122.33827943356208,47.621292594219334],[-122.33828079385152,47.62112821769551],[-122.33828215528038,47.62096383485854],[-122.33784562732677,47.620962126107685],[-122.33784427046335,47.621126530451484],[-122.33784291719151,47.6212909212528],[-122.33784224725862,47.62137307248378],[-122.33784157071761,47.621455317361175],[-122.33784022157505,47.62161971350401],[-122.33783886858966,47.62178411509446],[-122.33783751924798,47.62194850494099],[-122.33827398564175,47.62195009949643],[-122.3382753464792,47.62178583272082],[-122.33827534729575,47.621785722957775],[-122.33827670758494,47.62162134553677],[-122.33827806929979,47.62145697169454],[-122.33827875180123,47.62137472672658]]]},"properties":{"pin":"1986200215","address":"320 WESTLAKE AVE N","taxpayer":"KR WESTLAKE TERRY LLC","propertyType":"C","presentUse":"Office Building","landSqft":38880,"acres":0.89,"zoning":"SM-SLU 175/85-280","isCondo":false,"kcUrl":"https://blue.kingcounty.com/Assessor/eRealProperty/Detail.aspx?ParcelNbr=1986200215","currentOwner":"KR WESTLAKE TERRY LLC","currentCompanyId":"kilroy"}},{"type":"Feature","id":1986200245,"geometry":{"type":"Polygon","coordinates":[[[-122.33731853986266,47.62044987367056],[-122.33731722477657,47.62061449154311],[-122.33731590034566,47.620779108638715],[-122.33777277498794,47.620780895892246],[-122.33777419131283,47.62061628565394],[-122.33777560744673,47.62045166912012],[-122.33731853986266,47.62044987367056]]]},"properties":{"pin":"1986200245","address":"225 THOMAS ST","taxpayer":"MARKET PLACE TOWER","propertyType":"C","presentUse":"Office Building","landSqft":13800,"acres":0.32,"zoning":"SM-SLU 175/85-280","isCondo":false,"kcUrl":"https://blue.kingcounty.com/Assessor/eRealProperty/Detail.aspx?ParcelNbr=1986200245","currentOwner":"ALPHA Z SEATTLE OFFICE 1 LLC","currentCompanyId":"auto-alpha-z-seattle-office-1-llc"}},{"type":"Feature","id":1986200255,"geometry":{"type":"Polygon","coordinates":[[[-122.33777560744673,47.62045166912012],[-122.3377837156306,47.620451702276995],[-122.33778513572005,47.62028708568966],[-122.33777702628376,47.62028705434896],[-122.33777843856555,47.620122443262105],[-122.33732117666018,47.62012063783556],[-122.33731986026069,47.62028525572701],[-122.33731853986266,47.62044987367056],[-122.33777560744673,47.62045166912012]]]},"properties":{"pin":"1986200255","address":"219 TERRY AVE N 98109","taxpayer":"ARE-SEATTLE NO 17 LLC","propertyType":"C","presentUse":"Medical/Dental Office","landSqft":13800,"acres":0.32,"zoning":"SM-SLU 175/85-280","isCondo":false,"kcUrl":"https://blue.kingcounty.com/Assessor/eRealProperty/Detail.aspx?ParcelNbr=1986200255","currentOwner":"SEATTLE CITY OF","currentCompanyId":"city-of-seattle"}},{"type":"Feature","id":1986200265,"geometry":{"type":"Polygon","coordinates":[[[-122.33777843856555,47.620122443262105],[-122.33778654797621,47.62012247460267],[-122.3377879640835,47.619957858965925],[-122.3377893812519,47.619793234318294],[-122.33732381337225,47.619791400199254],[-122.33732249714545,47.619956023487696],[-122.33732117666018,47.62012063783556],[-122.33777843856555,47.620122443262105]]]},"properties":{"pin":"1986200265","address":"201 TERRY AVE N 98109","taxpayer":"KWP INC","propertyType":"C","presentUse":"Warehouse","landSqft":13800,"acres":0.32,"zoning":"SM-SLU 175/85-280","isCondo":false,"kcUrl":"https://blue.kingcounty.com/Assessor/eRealProperty/Detail.aspx?ParcelNbr=1986200265","currentOwner":"KWP INC","currentCompanyId":"auto-kwp-inc"}},{"type":"Feature","id":1986200275,"geometry":{"type":"Polygon","coordinates":[[[-122.33786095678926,47.61995814989137],[-122.33785953950478,47.62012276284875],[-122.33785812093326,47.62028737762162],[-122.3378567022487,47.62045198879672],[-122.33828651524989,47.62045367829054],[-122.33828792600238,47.62028906989583],[-122.33828934065802,47.62012445874985],[-122.33829075533077,47.619959848502496],[-122.33829216957838,47.61979522386617],[-122.33786237521278,47.619793530620754],[-122.33786095678926,47.61995814989137]]]},"properties":{"pin":"1986200275","address":"202 WESTLAKE AVE N 98109","taxpayer":"202 WESTLAKE OFFICE LLC","propertyType":"C","presentUse":"Office Building","landSqft":25440,"acres":0.58,"zoning":"SM-SLU 175/85-280","isCondo":false,"kcUrl":"https://blue.kingcounty.com/Assessor/eRealProperty/Detail.aspx?ParcelNbr=1986200275","currentOwner":"202 WESTLAKE OFFICE LLC","currentCompanyId":"auto-202-westlake-office-llc"}},{"type":"Feature","id":1986200295,"geometry":{"type":"Polygon","coordinates":[[[-122.33784718079595,47.620616571245364],[-122.3382851005503,47.62061828853588],[-122.33828651524989,47.62045367829054],[-122.3378567022487,47.62045198879672],[-122.33784859278666,47.62045195746116],[-122.33784718079595,47.620616571245364]]]},"properties":{"pin":"1986200295","address":"224 WESTLAKE AVE N 98109","taxpayer":"224 WAN LLC","propertyType":"C","presentUse":"Office Building","landSqft":6480,"acres":0.15,"zoning":"SM-SLU 175/85-280","isCondo":false,"kcUrl":"https://blue.kingcounty.com/Assessor/eRealProperty/Detail.aspx?ParcelNbr=1986200295","currentOwner":"224 WAN LLC","currentCompanyId":"auto-224-wan-llc"}},{"type":"Feature","id":1986200300,"geometry":{"type":"Polygon","coordinates":[[[-122.33828368187757,47.62078289973254],[-122.3382851005503,47.62061828853588],[-122.33784718079595,47.620616571245364],[-122.33784576237613,47.62078123909027],[-122.33828368187757,47.62078289973254]]]},"properties":{"pin":"1986200300","address":"230 WESTLAKE AVE N 98109","taxpayer":"CITY INVESTORS V LLC","propertyType":"C","presentUse":"Parking(Assoc)","landSqft":6480,"acres":0.15,"zoning":"SM-SLU 175/85-280","isCondo":false,"kcUrl":"https://blue.kingcounty.com/Assessor/eRealProperty/Detail.aspx?ParcelNbr=1986200300","currentOwner":"CITY INVESTORS V L.L.C /VULCAN NW INC","currentCompanyId":"vulcan"}},{"type":"Feature","id":1986200305,"geometry":{"type":"Polygon","coordinates":[[[-122.33732801628241,47.61928036783364],[-122.33732665117023,47.619445416385865],[-122.33732528737949,47.61961046491984],[-122.33778275598964,47.61961230352251],[-122.33778404437064,47.619447228072886],[-122.33778533096762,47.619282183232755],[-122.33732801628241,47.61928036783364]]]},"properties":{"pin":"1986200305","address":"975 JOHN ST","taxpayer":"BOXCAR APARTMENTS LLC","propertyType":"C","presentUse":"Apartment","landSqft":13560,"acres":0.31,"zoning":"SM-SLU 240/125-440","isCondo":false,"kcUrl":"https://blue.kingcounty.com/Assessor/eRealProperty/Detail.aspx?ParcelNbr=1986200305","currentOwner":"975 JOHN STREET LLC","currentCompanyId":"auto-975-john-street-llc"}},{"type":"Feature","id":1986200350,"geometry":{"type":"Polygon","coordinates":[[[-122.33599693421262,47.6201154563328],[-122.33599560517557,47.62028005812754],[-122.33599427211402,47.620444659075005],[-122.33599294298224,47.6206092581706],[-122.33599161389402,47.620773859064016],[-122.33647741810782,47.620775790422314],[-122.33654220125187,47.62077604849762],[-122.33654352035805,47.62061143871052],[-122.3365448474623,47.62044682971658],[-122.33654617054188,47.6202822198754],[-122.33654749369113,47.620117612731356],[-122.3364827194512,47.62011735815072],[-122.33647460871208,47.620117326734835],[-122.33599693421262,47.6201154563328]]]},"properties":{"pin":"1986200350","address":"201 BOREN AVE N","taxpayer":"AMAZON.COM","propertyType":"C","presentUse":"Office Building","landSqft":32640,"acres":0.75,"zoning":"SM-SLU 175/85-280","isCondo":false,"kcUrl":"https://blue.kingcounty.com/Assessor/eRealProperty/Detail.aspx?ParcelNbr=1986200350","currentOwner":"ACORN DEVELOPMENT LLC","currentCompanyId":"amazon"}},{"type":"Feature","id":1986200370,"geometry":{"type":"Polygon","coordinates":[[[-122.33599693421262,47.6201154563328],[-122.33647460871208,47.620117326734835],[-122.33647593218745,47.61995272318798],[-122.33647725516072,47.61978810255446],[-122.33599958798546,47.61978624290197],[-122.335998259277,47.619950855489286],[-122.33599693421262,47.6201154563328]]]},"properties":{"pin":"1986200370","address":"Geo Area","taxpayer":"AMAZON.COM","propertyType":"C","presentUse":"Office Building","landSqft":14160,"acres":0.33,"zoning":"SM-SLU 175/85-280","isCondo":false,"kcUrl":"https://blue.kingcounty.com/Assessor/eRealProperty/Detail.aspx?ParcelNbr=1986200370","currentOwner":"ACORN DEVELOPMENT LLC","currentCompanyId":"amazon"}},{"type":"Feature","id":1986200380,"geometry":{"type":"Polygon","coordinates":[[[-122.33654220125187,47.62077604849762],[-122.33700773284784,47.6207778918066],[-122.33700905040324,47.62061327931638],[-122.33701036787238,47.62044866412762],[-122.33701168934928,47.62028404978475],[-122.33701300680173,47.6201194345946],[-122.33701432823598,47.61995481935107],[-122.33701564935001,47.61979019331568],[-122.33701637549427,47.61969972267998],[-122.33655088389698,47.61969791678891],[-122.3365501435909,47.61978838579877],[-122.33654882069227,47.619953001037594],[-122.33654749369113,47.620117612731356],[-122.33654617054188,47.6202822198754],[-122.3365448474623,47.62044682971658],[-122.33654352035805,47.62061143871052],[-122.33654220125187,47.62077604849762]]]},"properties":{"pin":"1986200380","address":"200 TERRY AVE N 98109","taxpayer":"F & F ROGERS FAMILY LP","propertyType":"C","presentUse":"Auditorium//Assembly Bldg","landSqft":46770,"acres":1.07,"zoning":"SM-SLU 175/85-280","isCondo":false,"kcUrl":"https://blue.kingcounty.com/Assessor/eRealProperty/Detail.aspx?ParcelNbr=1986200380","currentOwner":"F & F ROGERS FAMILY LTD PS","currentCompanyId":"auto-f-f-rogers-family-ltd-ps"}},{"type":"Feature","id":1986200410,"geometry":{"type":"Polygon","coordinates":[[[-122.33598399389898,47.62169469439638],[-122.33598331167825,47.62177693659938],[-122.33598194820222,47.62194136251749],[-122.33646853770084,47.62194329268564],[-122.33650097783159,47.62194341929949],[-122.33650369883446,47.62161456748529],[-122.33647126021285,47.62161443995544],[-122.335984677702,47.62161250704841],[-122.33598399389898,47.62169469439638]]]},"properties":{"pin":"1986200410","address":"301 BOREN AVE N","taxpayer":"AMAZON.COM","propertyType":"C","presentUse":"Office Building","landSqft":15360,"acres":0.35,"zoning":"SM-SLU 175/85-280","isCondo":false,"kcUrl":"https://blue.kingcounty.com/Assessor/eRealProperty/Detail.aspx?ParcelNbr=1986200410","currentOwner":"ACORN DEVELOPMENT LLC","currentCompanyId":"amazon"}},{"type":"Feature","id":1986200418,"geometry":{"type":"Polygon","coordinates":[[[-122.335984677702,47.62161250704841],[-122.33647126021285,47.62161443995544],[-122.33650369883446,47.62161456748529],[-122.33650506198323,47.621450141542056],[-122.33647262077791,47.62145001314842],[-122.33598603998655,47.62144808654207],[-122.335984677702,47.62161250704841]]]},"properties":{"pin":"1986200418","address":"345 BOREN AVE N 98109","taxpayer":"AMAZON.COM","propertyType":"C","presentUse":"Office Building","landSqft":7680,"acres":0.18,"zoning":"SM-SLU 175/85-280","isCondo":false,"kcUrl":"https://blue.kingcounty.com/Assessor/eRealProperty/Detail.aspx?ParcelNbr=1986200418","currentOwner":"ACORN DEVELOPMENT LLC","currentCompanyId":"amazon"}},{"type":"Feature","id":1986200420,"geometry":{"type":"Polygon","coordinates":[[[-122.33598876552225,47.62111923381932],[-122.33598740343673,47.62128366062192],[-122.33598603998655,47.62144808654207],[-122.33647262077791,47.62145001314842],[-122.33650506198323,47.621450141542056],[-122.33650555987293,47.62139000783701],[-122.33647312006123,47.62138988032522],[-122.33647319161798,47.62138125843256],[-122.33646508195996,47.621381225199876],[-122.33646587448139,47.62128555756927],[-122.33646723505487,47.62112113076101],[-122.33646859817595,47.62095670031981],[-122.33599013662402,47.62095479700118],[-122.33598876552225,47.62111923381932]]]},"properties":{"pin":"1986200420","address":"Geo Area","taxpayer":"AMAZON.COM","propertyType":"C","presentUse":"Office Building","landSqft":21466,"acres":0.49,"zoning":"SM-SLU 175/85-280","isCondo":false,"kcUrl":"https://blue.kingcounty.com/Assessor/eRealProperty/Detail.aspx?ParcelNbr=1986200420","currentOwner":"ACORN DEVELOPMENT LLC","currentCompanyId":"amazon"}},{"type":"Feature","id":1986200440,"geometry":{"type":"Polygon","coordinates":[[[-122.33654697453932,47.621285877227066],[-122.3370035602524,47.6212876921337],[-122.33700490858993,47.62112326905661],[-122.33700626307555,47.62095882880496],[-122.33654969641726,47.62095702089246],[-122.33654833509037,47.6211214585112],[-122.33654697453932,47.621285877227066]]]},"properties":{"pin":"1986200440","address":"300 TERRY AVE N","taxpayer":"SOUTH LAKE UNION HOTEL LLC","propertyType":"C","presentUse":"Hotel/Motel","landSqft":13560,"acres":0.31,"zoning":"SM-SLU 175/85-280","isCondo":false,"kcUrl":"https://blue.kingcounty.com/Assessor/eRealProperty/Detail.aspx?ParcelNbr=1986200440","currentOwner":"SEATTLE CITY OF","currentCompanyId":"city-of-seattle"}},{"type":"Feature","id":1986200450,"geometry":{"type":"Polygon","coordinates":[[[-122.33650506198323,47.621450141542056],[-122.33650369883446,47.62161456748529],[-122.33653613881232,47.621614695887644],[-122.3370008582572,47.6216165392553],[-122.3370022092721,47.62145211614446],[-122.3370035602524,47.6212876921337],[-122.33654697453932,47.621285877227066],[-122.33654618084186,47.62138149899571],[-122.33653806987968,47.62138146668507],[-122.3365379983807,47.6213901362564],[-122.33653783071063,47.62139013577213],[-122.33650555987293,47.62139000783701],[-122.33650506198323,47.621450141542056]]]},"properties":{"pin":"1986200450","address":"310 TERRY AVE N 98109","taxpayer":"AMAZON.COM","propertyType":"C","presentUse":"Restaurant/Lounge","landSqft":14386,"acres":0.33,"zoning":"SM-SLU 175/85-280","isCondo":false,"kcUrl":"https://blue.kingcounty.com/Assessor/eRealProperty/Detail.aspx?ParcelNbr=1986200450","currentOwner":"ACORN DEVELOPMENT LLC","currentCompanyId":"amazon"}},{"type":"Feature","id":1986200460,"geometry":{"type":"Polygon","coordinates":[[[-122.33650097783159,47.62194341929949],[-122.3365334166324,47.62194354592161],[-122.33699815082954,47.621945383746635],[-122.33699950324353,47.621780962418164],[-122.3370008582572,47.6216165392553],[-122.33653613881232,47.621614695887644],[-122.33650369883446,47.62161456748529],[-122.33650097783159,47.62194341929949]]]},"properties":{"pin":"1986200460","address":"Geo Area","taxpayer":"AMAZON.COM","propertyType":"C","presentUse":"Office Building","landSqft":14760,"acres":0.34,"zoning":"SM-SLU 175/85-280","isCondo":false,"kcUrl":"https://blue.kingcounty.com/Assessor/eRealProperty/Detail.aspx?ParcelNbr=1986200460","currentOwner":"ACORN DEVELOPMENT LLC","currentCompanyId":"amazon"}},{"type":"Feature","id":1987200015,"geometry":{"type":"Polygon","coordinates":[[[-122.33728229755108,47.6249669958382],[-122.33728146728355,47.62507129572717],[-122.33728135695287,47.62508543003503],[-122.33728098972016,47.625132194739585],[-122.3377230020854,47.625134005454036],[-122.33772348791113,47.625071983612166],[-122.33772430738303,47.62496890551947],[-122.33772463268467,47.62492783678453],[-122.33772540997153,47.62483011012114],[-122.33728340091656,47.62482860077525],[-122.33728229755108,47.6249669958382]]]},"properties":{"pin":"1987200015","address":"Geo Area","taxpayer":"CITY INVESTORS XI LLC","propertyType":"C","presentUse":"Vacant(Commercial)","landSqft":12077,"acres":0.28,"zoning":"SM-SLU 85/65-160","isCondo":false,"kcUrl":"https://blue.kingcounty.com/Assessor/eRealProperty/Detail.aspx?ParcelNbr=1987200015","currentOwner":"CITY INVESTORS XI L L C","currentCompanyId":"vulcan"}},{"type":"Feature","id":1988201215,"geometry":{"type":"Polygon","coordinates":[[[-122.34272226935407,47.624214360722874],[-122.34281916054577,47.624138713113865],[-122.34297473265461,47.62401725083675],[-122.34297510602558,47.62397490934487],[-122.342976550866,47.62381042440558],[-122.34257104030955,47.62380862881204],[-122.34256959418715,47.62397311374624],[-122.34256815207222,47.62413759952605],[-122.3425674814015,47.62421414901691],[-122.34272226935407,47.624214360722874]]]},"properties":{"pin":"1988201215","address":"525 DEXTER AVE N 98109","taxpayer":"CITY INVESTORS XX LLC","propertyType":"C","presentUse":"Industrial(Gen Purpose)","landSqft":12300,"acres":0.28,"zoning":"SM-SLU 175/85-280","isCondo":false,"kcUrl":"https://blue.kingcounty.com/Assessor/eRealProperty/Detail.aspx?ParcelNbr=1988201215","currentOwner":"CITY INVESTORS XX INC","currentCompanyId":"vulcan"}},{"type":"Feature","id":1988201235,"geometry":{"type":"Polygon","coordinates":[[[-122.342976550866,47.62381042440558],[-122.34297799833149,47.623645938530984],[-122.34257248908311,47.623644143841865],[-122.34257104030955,47.62380862881204],[-122.342976550866,47.62381042440558]]]},"properties":{"pin":"1988201235","address":"513 DEXTER AVE N 98109","taxpayer":"STARBIRD LLC","propertyType":"C","presentUse":"Service Building","landSqft":6000,"acres":0.14,"zoning":"SM-SLU 175/85-280","isCondo":false,"kcUrl":"https://blue.kingcounty.com/Assessor/eRealProperty/Detail.aspx?ParcelNbr=1988201235","currentOwner":"STARBIRD LLC","currentCompanyId":"auto-starbird-llc"}},{"type":"Feature","id":1988201240,"geometry":{"type":"Polygon","coordinates":[[[-122.34297799833149,47.623645938530984],[-122.34297944323191,47.623481456288026],[-122.34257393907323,47.62347965525631],[-122.34257248908311,47.623644143841865],[-122.34297799833149,47.623645938530984]]]},"properties":{"pin":"1988201240","address":"509 DEXTER AVE N 98109","taxpayer":"EBERHARTER DAVID","propertyType":"C","presentUse":"Service Building","landSqft":6000,"acres":0.14,"zoning":"SM-SLU 175/85-280","isCondo":false,"kcUrl":"https://blue.kingcounty.com/Assessor/eRealProperty/Detail.aspx?ParcelNbr=1988201240","currentOwner":"EBERHARTER DAVID M","currentCompanyId":"auto-eberharter-david-m"}},{"type":"Feature","id":1988201245,"geometry":{"type":"Polygon","coordinates":[[[-122.34257393907323,47.62347965525631],[-122.34297944323191,47.623481456288026],[-122.34298028706552,47.623384942145165],[-122.3429154152984,47.62331667836062],[-122.34257538908035,47.62331516756928],[-122.34257393907323,47.62347965525631]]]},"properties":{"pin":"1988201245","address":"Geo Area","taxpayer":"CITY INVESTORS XX LLC","propertyType":"C","presentUse":"Office Building","landSqft":5800,"acres":0.13,"zoning":"SM-SLU 175/85-280","isCondo":false,"kcUrl":"https://blue.kingcounty.com/Assessor/eRealProperty/Detail.aspx?ParcelNbr=1988201245","currentOwner":"SEATTLE CITY OF","currentCompanyId":"city-of-seattle"}},{"type":"Feature","id":1988201250,"geometry":{"type":"Polygon","coordinates":[[[-122.34304158301573,47.62364622234532],[-122.34340707928581,47.62364783375754],[-122.34342387642685,47.62362161936659],[-122.34343860958619,47.62359485120969],[-122.34345123925492,47.62356758918608],[-122.34345653142499,47.62355361279811],[-122.34346171864819,47.62353991758101],[-122.34346691038512,47.623522435845366],[-122.34347003527817,47.62351191032886],[-122.34347615420135,47.62348364705941],[-122.34347970122332,47.62345869339433],[-122.34348142751865,47.623435193367406],[-122.34348143999655,47.623433652169936],[-122.34348166897364,47.623408582399065],[-122.34348247362064,47.623319184674905],[-122.34304453207922,47.623317250768274],[-122.34304410583941,47.623364691952034],[-122.34304372348562,47.62340740960169],[-122.3430430555439,47.62348173613397],[-122.34304158301573,47.62364622234532]]]},"properties":{"pin":"1988201250","address":"Geo Area","taxpayer":"CITY INVESTORS XX LLC","propertyType":"C","presentUse":"Office Building","landSqft":12700,"acres":0.29,"zoning":"SM-SLU 175/85-280","isCondo":false,"kcUrl":"https://blue.kingcounty.com/Assessor/eRealProperty/Detail.aspx?ParcelNbr=1988201250","currentOwner":"WASHINGTON STATE-GOVT","currentCompanyId":"washington-state"}},{"type":"Feature","id":1988201260,"geometry":{"type":"Polygon","coordinates":[[[-122.34304158301573,47.62364622234532],[-122.34304010247129,47.62381070776256],[-122.34303869660242,47.623967312505535],[-122.34323816060221,47.62381158535304],[-122.34328162779205,47.623777646669595],[-122.3433062873912,47.623757785389934],[-122.34332951667221,47.62373715052429],[-122.34335125580594,47.62371578964701],[-122.34337145951714,47.62369374744047],[-122.34339008281789,47.62367107847903],[-122.34340646117774,47.62364868129448],[-122.34340707928581,47.62364783375754],[-122.34304158301573,47.62364622234532]]]},"properties":{"pin":"1988201260","address":"520 AURORA AVE N 98109","taxpayer":"CITY INVESTORS XX LLC","propertyType":"C","presentUse":"Parking(Assoc)","landSqft":6600,"acres":0.15,"zoning":"SM-SLU 175/85-280","isCondo":false,"kcUrl":"https://blue.kingcounty.com/Assessor/eRealProperty/Detail.aspx?ParcelNbr=1988201260","currentOwner":"WASHINGTON STATE-GOVT","currentCompanyId":"washington-state"}},{"type":"Feature","id":1988201285,"geometry":{"type":"Polygon","coordinates":[[[-122.34257988622372,47.622805174921076],[-122.34257843353299,47.62296970672718],[-122.34257698200678,47.62313423311931],[-122.3429818299055,47.62313602661619],[-122.34298247791786,47.62313602611744],[-122.34304670740936,47.623136312163204],[-122.34342310230879,47.62313797592456],[-122.34348399805918,47.62313824568152],[-122.34348432383385,47.623097075205564],[-122.34348530326923,47.622973636617814],[-122.34348660844493,47.62280902665416],[-122.34348762508715,47.62268072787842],[-122.34348791361232,47.6226444166898],[-122.34348894567918,47.622514815973084],[-122.34348921879761,47.622479807624025],[-122.34306033669218,47.62247805953231],[-122.34305895594922,47.62264263359305],[-122.34305849387333,47.6226974592514],[-122.34305842519828,47.62270568439616],[-122.3430503139734,47.62270565075104],[-122.34298544016264,47.6227053822568],[-122.34288489951872,47.62270496336122],[-122.34288494664187,47.622699479614035],[-122.34288496827347,47.62269674001513],[-122.34288501010211,47.62269125723779],[-122.34258090232962,47.62268998980225],[-122.34257988622372,47.622805174921076]]]},"properties":{"pin":"1988201285","address":"435 DEXTER AVE N","taxpayer":"MCREF 435 DEXTER DEVELOPMEN","propertyType":"C","presentUse":"Apartment","landSqft":44290,"acres":1.02,"zoning":"SM-SLU 175/85-280","isCondo":false,"kcUrl":"https://blue.kingcounty.com/Assessor/eRealProperty/Detail.aspx?ParcelNbr=1988201285","currentOwner":"SEATTLE CITY OF","currentCompanyId":"city-of-seattle"}},{"type":"Feature","id":1988201305,"geometry":{"type":"Polygon","coordinates":[[[-122.34258133890522,47.62264064311432],[-122.34298596427305,47.622642328844435],[-122.3429887227436,47.622313198762214],[-122.34258424296272,47.622311581314776],[-122.34258133890522,47.62264064311432]]]},"properties":{"pin":"1988201305","address":"403 DEXTER AVE N","taxpayer":"403 DEXTER AVE N","propertyType":"C","presentUse":"Apartment(Mixed Use)","landSqft":11977,"acres":0.27,"zoning":"SM-SLU 175/85-280","isCondo":false,"kcUrl":"https://blue.kingcounty.com/Assessor/eRealProperty/Detail.aspx?ParcelNbr=1988201305","currentOwner":"WC SEATTLE III SPE2 LLC","currentCompanyId":"auto-wc-seattle-iii-spe2-llc"}},{"type":"Feature","id":1988201310,"geometry":{"type":"Polygon","coordinates":[[[-122.34258424296272,47.622311581314776],[-122.3429887227436,47.622313198762214],[-122.34299010789908,47.62214863184214],[-122.34288056106212,47.62214820377377],[-122.34258569561666,47.62214704950586],[-122.34258424296272,47.622311581314776]]]},"properties":{"pin":"1988201310","address":"401 DEXTER AVE N 98109","taxpayer":"KILROY REALTY LP C/O HEIDI","propertyType":"C","presentUse":"Industrial(Heavy)","landSqft":6000,"acres":0.14,"zoning":"SM-SLU 175/85-280","isCondo":false,"kcUrl":"https://blue.kingcounty.com/Assessor/eRealProperty/Detail.aspx?ParcelNbr=1988201310","currentOwner":"KR 333 DEXTER LLC","currentCompanyId":"kilroy"}},{"type":"Feature","id":1988201320,"geometry":{"type":"Polygon","coordinates":[[[-122.34306171221033,47.62231348913845],[-122.34349052394853,47.62231519765826],[-122.34349182911731,47.62215058859103],[-122.34305607048292,47.62214888948041],[-122.34305498320617,47.622148884111674],[-122.34305360240283,47.62231345637521],[-122.34305461647433,47.622313460915876],[-122.34306171221033,47.62231348913845]]]},"properties":{"pin":"1988201320","address":"400 AURORA AVE N 98109","taxpayer":"KILROY REALTY C/O HEIDI ROT","propertyType":"C","presentUse":"Parking(Assoc)","landSqft":6480,"acres":0.15,"zoning":"SM-SLU 175/85-280","isCondo":false,"kcUrl":"https://blue.kingcounty.com/Assessor/eRealProperty/Detail.aspx?ParcelNbr=1988201320","currentOwner":"KR 333 DEXTER LLC","currentCompanyId":"kilroy"}},{"type":"Feature","id":1988201325,"geometry":{"type":"Polygon","coordinates":[[[-122.34306033669218,47.62247805953231],[-122.34348921879761,47.622479807624025],[-122.34349052394853,47.62231519765826],[-122.34306171221033,47.62231348913845],[-122.34306033669218,47.62247805953231]]]},"properties":{"pin":"1988201325","address":"408 AURORA AVE N","taxpayer":"408 AURORA LLC","propertyType":"C","presentUse":"Apartment","landSqft":6360,"acres":0.15,"zoning":"SM-SLU 175/85-280","isCondo":false,"kcUrl":"https://blue.kingcounty.com/Assessor/eRealProperty/Detail.aspx?ParcelNbr=1988201325","currentOwner":"SEATTLE CITY OF","currentCompanyId":"city-of-seattle"}},{"type":"Feature","id":1988201350,"geometry":{"type":"Polygon","coordinates":[[[-122.34119171674492,47.622964517108535],[-122.34119020953321,47.623128972193875],[-122.34119832082288,47.62312900597157],[-122.34167677906053,47.623130765362035],[-122.34167823069458,47.62296628219894],[-122.34167968375384,47.62280180261454],[-122.3412013375329,47.622800084973534],[-122.34119322509476,47.62280005571002],[-122.34119171674492,47.622964517108535]]]},"properties":{"pin":"1988201350","address":"433 8TH AVE N 98109","taxpayer":"CITY INVERSTORS XXII LLC","propertyType":"C","presentUse":"Warehouse","landSqft":14400,"acres":0.33,"zoning":"SM-SLU 85-280","isCondo":false,"kcUrl":"https://blue.kingcounty.com/Assessor/eRealProperty/Detail.aspx?ParcelNbr=1988201350","currentOwner":"CITY INVESTORS XXII LLC","currentCompanyId":"vulcan"}},{"type":"Feature","id":1988201360,"geometry":{"type":"Polygon","coordinates":[[[-122.34119473218311,47.6226355970262],[-122.34119322509476,47.62280005571002],[-122.3412013375329,47.622800084973534],[-122.34167968375384,47.62280180261454],[-122.34168114071606,47.62263732027875],[-122.34168259639105,47.62247283975841],[-122.34120435428302,47.62247116667041],[-122.34119623926198,47.62247113834166],[-122.34119473218311,47.6226355970262]]]},"properties":{"pin":"1988201360","address":"421 8TH AVE N 98109","taxpayer":"CITY INVERSTORS XXII LLC","propertyType":"C","presentUse":"Parking(Commercial Lot)","landSqft":14400,"acres":0.33,"zoning":"SM-SLU 85-280","isCondo":false,"kcUrl":"https://blue.kingcounty.com/Assessor/eRealProperty/Detail.aspx?ParcelNbr=1988201360","currentOwner":"CITY INVESTORS XXII LLC","currentCompanyId":"vulcan"}},{"type":"Feature","id":1988201370,"geometry":{"type":"Polygon","coordinates":[[[-122.34119775039981,47.622306682301335],[-122.34119623926198,47.62247113834166],[-122.34120435428302,47.62247116667041],[-122.34168259639105,47.62247283975841],[-122.34168404950094,47.622308362869674],[-122.34168550635732,47.62214387783399],[-122.34120736828262,47.62214224660126],[-122.34119925863332,47.62214221820221],[-122.34119775039981,47.622306682301335]]]},"properties":{"pin":"1988201370","address":"401 8TH AVE N 98109","taxpayer":"CITY INVERSTORS XXII LLC","propertyType":"C","presentUse":"Warehouse","landSqft":14400,"acres":0.33,"zoning":"SM-SLU 85-280","isCondo":false,"kcUrl":"https://blue.kingcounty.com/Assessor/eRealProperty/Detail.aspx?ParcelNbr=1988201370","currentOwner":"CITY INVESTORS XXII LLC","currentCompanyId":"vulcan"}},{"type":"Feature","id":1988201380,"geometry":{"type":"Polygon","coordinates":[[[-122.34175558242332,47.622473096835414],[-122.34215296452062,47.622474488377485],[-122.34215441942973,47.62230998714973],[-122.34215587414708,47.62214547962644],[-122.3417584905459,47.62214413312824],[-122.34175703655441,47.62230861723034],[-122.34175558242332,47.622473096835414]]]},"properties":{"pin":"1988201380","address":"400 DEXTER AVE N","taxpayer":"ARE SEATTLE NO 45 OWNER LLC","propertyType":"C","presentUse":"Office Building","landSqft":11760,"acres":0.27,"zoning":"SM-SLU 175/85-280","isCondo":false,"kcUrl":"https://blue.kingcounty.com/Assessor/eRealProperty/Detail.aspx?ParcelNbr=1988201380","currentOwner":"ARE SEATTLE NO 45 OWNER LLC","currentCompanyId":"alexandria"}},{"type":"Feature","id":1988201390,"geometry":{"type":"Polygon","coordinates":[[[-122.3417526730382,47.62280206415443],[-122.34215005597885,47.62280348991396],[-122.34215151494891,47.62263899043323],[-122.34215296452062,47.622474488377485],[-122.34175558242332,47.622473096835414],[-122.34175412705727,47.62263758005446],[-122.3417526730382,47.62280206415443]]]},"properties":{"pin":"1988201390","address":"400 DEXTER AVE N","taxpayer":"ARE SEATTLE NO 45 OWNER LLC","propertyType":"C","presentUse":"Office Building","landSqft":11760,"acres":0.27,"zoning":"SM-SLU 175/85-280","isCondo":false,"kcUrl":"https://blue.kingcounty.com/Assessor/eRealProperty/Detail.aspx?ParcelNbr=1988201390","currentOwner":"ARE SEATTLE NO 45 OWNER LLC","currentCompanyId":"alexandria"}},{"type":"Feature","id":1988201400,"geometry":{"type":"Polygon","coordinates":[[[-122.34174976510288,47.623131036848584],[-122.34214715011271,47.62313249321084],[-122.34214860112037,47.622967993837385],[-122.34215005597885,47.62280348991396],[-122.3417526730382,47.62280206415443],[-122.34175121903603,47.622966549153],[-122.34174976510288,47.623131036848584]]]},"properties":{"pin":"1988201400","address":"400 DEXTER AVE N","taxpayer":"ARE SEATTLE NO 45 OWNER LLC","propertyType":"C","presentUse":"Office Building","landSqft":11760,"acres":0.27,"zoning":"SM-SLU 175/85-280","isCondo":false,"kcUrl":"https://blue.kingcounty.com/Assessor/eRealProperty/Detail.aspx?ParcelNbr=1988201400","currentOwner":"ARE SEATTLE NO 45 OWNER LLC","currentCompanyId":"alexandria"}},{"type":"Feature","id":1988201410,"geometry":{"type":"Polygon","coordinates":[[[-122.34118242742832,47.62399927651799],[-122.34118171961796,47.62407860895805],[-122.3411812276389,47.62413371115663],[-122.34117875614527,47.624410842498385],[-122.34130885360892,47.62439754784622],[-122.34143865311323,47.6243816046187],[-122.34154033276965,47.62436722465883],[-122.3416985107766,47.624344733475475],[-122.34195832395429,47.62431290193689],[-122.34210578857105,47.624297622218016],[-122.3421371073443,47.62427334850299],[-122.34213831869613,47.6241357272514],[-122.34213880747025,47.624080090709604],[-122.34213948690685,47.624002904189446],[-122.34170154377895,47.624001244839924],[-122.34162845923187,47.62400096831437],[-122.34118242742832,47.62399927651799]]]},"properties":{"pin":"1988201410","address":"535 8TH AVE N 98104","taxpayer":"CITY INVESTORS","propertyType":"C","presentUse":"Office Building","landSqft":30166,"acres":0.69,"zoning":"SM-SLU 175/85-280","isCondo":false,"kcUrl":"https://blue.kingcounty.com/Assessor/eRealProperty/Detail.aspx?ParcelNbr=1988201410","currentOwner":"SEATTLE CITY OF","currentCompanyId":"city-of-seattle"}},{"type":"Feature","id":1988201435,"geometry":{"type":"Polygon","coordinates":[[[-122.34118242742832,47.62399927651799],[-122.34162845923187,47.62400096831437],[-122.34162873193054,47.62397003252576],[-122.34163019044398,47.623805413436955],[-122.34163164881787,47.62364078985105],[-122.34163310866909,47.62347617164245],[-122.34163456705055,47.623311548954405],[-122.34118857587043,47.62330990710019],[-122.3411871055645,47.62347467206011],[-122.3411856390834,47.62363943157088],[-122.34118416471634,47.62380419478371],[-122.34118269813843,47.6239689515952],[-122.34118242742832,47.62399927651799]]]},"properties":{"pin":"1988201435","address":"501 8TH AVE N","taxpayer":"HINES PROPERTY MANAGEMENT","propertyType":"C","presentUse":"Office Building","landSqft":27665,"acres":0.64,"zoning":"SM-SLU 175/85-280","isCondo":false,"kcUrl":"https://blue.kingcounty.com/Assessor/eRealProperty/Detail.aspx?ParcelNbr=1988201435","currentOwner":"CITY INVESTORS XII L L C","currentCompanyId":"vulcan"}},{"type":"Feature","id":1988201450,"geometry":{"type":"Polygon","coordinates":[[[-122.34162845923187,47.62400096831437],[-122.34170154377895,47.624001244839924],[-122.34213948690685,47.624002904189446],[-122.34213976629091,47.623971291800515],[-122.34214120576513,47.62380680607832],[-122.34214266067046,47.62364234803868],[-122.34214410484716,47.62347788744153],[-122.34214555167507,47.623313426808444],[-122.34170764906442,47.623311817400285],[-122.34163456705055,47.623311548954405],[-122.34163310866909,47.62347617164245],[-122.34163164881787,47.62364078985105],[-122.34163019044398,47.623805413436955],[-122.34162873193054,47.62397003252576],[-122.34162845923187,47.62400096831437]]]},"properties":{"pin":"1988201450","address":"750 REPUBLICAN ST","taxpayer":"HINES PROPERTY MANAGEMENT","propertyType":"C","presentUse":"Office Building","landSqft":31697,"acres":0.73,"zoning":"SM-SLU 175/85-280","isCondo":false,"kcUrl":"https://blue.kingcounty.com/Assessor/eRealProperty/Detail.aspx?ParcelNbr=1988201450","currentOwner":"CITY INVESTORS XII L L C","currentCompanyId":"vulcan"}},{"type":"Feature","id":1988201480,"geometry":{"type":"Polygon","coordinates":[[[-122.33989835109,47.624436210168774],[-122.34009855820325,47.624436642890835],[-122.34011858355217,47.624436685452515],[-122.34036070457334,47.624437211445105],[-122.34042543309369,47.624437352944085],[-122.3406675553731,47.62443787556862],[-122.34067029769953,47.62413064065901],[-122.3406717720356,47.62396581990134],[-122.34042945095415,47.62396492750905],[-122.34036469895143,47.623964690072825],[-122.33987907995908,47.623962898403185],[-122.33987775515695,47.62412736359161],[-122.33987725733236,47.624189295676196],[-122.33987552957743,47.62440463369637],[-122.33987642584661,47.62441041596821],[-122.33987821712404,47.624415986362365],[-122.33988085915188,47.62442120724878],[-122.33988428665242,47.62442594963278],[-122.33988841494096,47.624430096342294],[-122.33989314201811,47.6244335449228],[-122.33989835109,47.624436210168774]]]},"properties":{"pin":"1988201480","address":"850 REPUBLICAN ST 98109","taxpayer":"HINES PROPERTY MANAGEMENT","propertyType":"C","presentUse":"Medical/Dental Office","landSqft":33696,"acres":0.77,"zoning":"SM-SLU 175/85-280","isCondo":false,"kcUrl":"https://blue.kingcounty.com/Assessor/eRealProperty/Detail.aspx?ParcelNbr=1988201480","currentOwner":"UNIVERSITY OF HAWAII FOUNDATION","currentCompanyId":"uh-foundation"}},{"type":"Feature","id":1988201485,"geometry":{"type":"Polygon","coordinates":[[[-122.3406675553731,47.62443787556862],[-122.34091086067596,47.62443839910101],[-122.3409136055301,47.624131163233436],[-122.3409150739488,47.623966715878666],[-122.34091654238435,47.623802269422455],[-122.3409180106281,47.62363781667071],[-122.34091947761063,47.62347336663363],[-122.34092094583589,47.62330891388043],[-122.34043504876493,47.623307098659595],[-122.34037025746818,47.62330685456082],[-122.33988436299174,47.62330503335707],[-122.33988303850958,47.623469508440316],[-122.33988172168743,47.62363397262603],[-122.33988040086646,47.62379843686385],[-122.33987907995908,47.623962898403185],[-122.34036469895143,47.623964690072825],[-122.34042945095415,47.62396492750905],[-122.3406717720356,47.62396581990134],[-122.34067029769953,47.62413064065901],[-122.3406675553731,47.62443787556862]]]},"properties":{"pin":"1988201485","address":"850 REPUBLICAN ST","taxpayer":"HINES PROPERTY MANAGEMENT","propertyType":"C","presentUse":"Medical/Dental Office","landSqft":71626,"acres":1.64,"zoning":"SM-SLU 175/85-280","isCondo":false,"kcUrl":"https://blue.kingcounty.com/Assessor/eRealProperty/Detail.aspx?ParcelNbr=1988201485","currentOwner":"UNIVERSITY OF HAWAII FOUNDATION","currentCompanyId":"uh-foundation"}},{"type":"Feature","id":1988201550,"geometry":{"type":"Polygon","coordinates":[[[-122.33988704562255,47.62295960280206],[-122.33988578299511,47.62312409955848],[-122.3403717768463,47.62312591851834],[-122.34037315689238,47.62296143997288],[-122.34036504570751,47.62296140883418],[-122.33988704562255,47.62295960280206]]]},"properties":{"pin":"1988201550","address":"817 REPUBLICAN ST 98109","taxpayer":"HOLMES BEN","propertyType":"C","presentUse":"Warehouse","landSqft":7200,"acres":0.17,"zoning":"SM-SLU 175/85-280","isCondo":false,"kcUrl":"https://blue.kingcounty.com/Assessor/eRealProperty/Detail.aspx?ParcelNbr=1988201550","currentOwner":"HOLMES SOUTH LAKE UNION LLC","currentCompanyId":"auto-holmes-south-lake-union-llc"}},{"type":"Feature","id":1988201555,"geometry":{"type":"Polygon","coordinates":[[[-122.33988704562255,47.62295960280206],[-122.34036504570751,47.62296140883418],[-122.34036642318837,47.62279693302107],[-122.3403678031124,47.622632449977964],[-122.33988956430696,47.6226306129722],[-122.3398883015913,47.62279510613296],[-122.33988704562255,47.62295960280206]]]},"properties":{"pin":"1988201555","address":"427 9TH AVE N","taxpayer":"MGCW LLC","propertyType":"C","presentUse":"Industrial(Gen Purpose)","landSqft":14160,"acres":0.33,"zoning":"SM-SLU 175/85-280","isCondo":false,"kcUrl":"https://blue.kingcounty.com/Assessor/eRealProperty/Detail.aspx?ParcelNbr=1988201555","currentOwner":"MGCW LLC","currentCompanyId":"auto-mgcw-llc"}},{"type":"Feature","id":1988201580,"geometry":{"type":"Polygon","coordinates":[[[-122.34045166499348,47.62230381425424],[-122.34093011879686,47.622305686493405],[-122.34093163069294,47.62214122775812],[-122.3404449456274,47.62213930261429],[-122.34044355385903,47.62230378132265],[-122.34045166499348,47.62230381425424]]]},"properties":{"pin":"1988201580","address":"800 HARRISON ST 98109","taxpayer":"NORTHWEST GOLDEN PALACE LLC","propertyType":"C","presentUse":"Apartment","landSqft":7200,"acres":0.17,"zoning":"SM-SLU 85-280","isCondo":false,"kcUrl":"https://blue.kingcounty.com/Assessor/eRealProperty/Detail.aspx?ParcelNbr=1988201580","currentOwner":"NORTHWEST GOLDEN PALACE LLC","currentCompanyId":"auto-northwest-golden-palace-llc"}},{"type":"Feature","id":1988201605,"geometry":{"type":"Polygon","coordinates":[[[-122.34045027045144,47.622468288500876],[-122.34044887723076,47.62263276272916],[-122.34044748405339,47.62279723875531],[-122.34044608953702,47.62296171479835],[-122.3404446937338,47.623126192656805],[-122.34092258170745,47.62312797716175],[-122.34092408981715,47.622963523878525],[-122.3409255976828,47.62279906250113],[-122.34092710561714,47.62263460382084],[-122.34092861487196,47.62247014512224],[-122.34093011879686,47.622305686493405],[-122.34045166499348,47.62230381425424],[-122.34045027045144,47.622468288500876]]]},"properties":{"pin":"1988201605","address":"430 8TH AVE N","taxpayer":"SLU VENTURES LLC","propertyType":"C","presentUse":"Apartment","landSqft":35400,"acres":0.81,"zoning":"SM-SLU 85-280","isCondo":false,"kcUrl":"https://blue.kingcounty.com/Assessor/eRealProperty/Detail.aspx?ParcelNbr=1988201605","currentOwner":"SLU VENTURES LLC","currentCompanyId":"auto-slu-ventures-llc"}},{"type":"Feature","id":1991200330,"geometry":{"type":"Polygon","coordinates":[[[-122.34642315080383,47.62179540754283],[-122.34642331629566,47.62181559980364],[-122.34642470636089,47.62198009762989],[-122.34690803305679,47.62198190781006],[-122.34690937219641,47.62181742045381],[-122.34690953595856,47.62179716353851],[-122.34682844170487,47.621796714434545],[-122.34642315080383,47.62179540754283]]]},"properties":{"pin":"1991200330","address":"333 TAYLOR AVE N 98109","taxpayer":"ADLER RICHARD H AND CRUSE-A","propertyType":"C","presentUse":"Office Building","landSqft":8087,"acres":0.19,"zoning":"SM-UP 160 (M)","isCondo":false,"kcUrl":"https://blue.kingcounty.com/Assessor/eRealProperty/Detail.aspx?ParcelNbr=1991200330","currentOwner":"ADLER RICHARD H+DONNA M CRUSE-TTEES+TRT","currentCompanyId":"auto-adler-richard-h-donna-m-cruse-ttees-trt"}},{"type":"Feature","id":1991200340,"geometry":{"type":"Polygon","coordinates":[[[-122.34642315080383,47.62179540754283],[-122.34682844170487,47.621796714434545],[-122.34690953595856,47.62179716353851],[-122.34691071002358,47.62165293401383],[-122.34691263797043,47.62141589061037],[-122.34673205008114,47.62155556371793],[-122.3466076216654,47.62165179790044],[-122.34642313974658,47.62179447839196],[-122.34642315080383,47.62179540754283]]]},"properties":{"pin":"1991200340","address":"526 BROAD ST 98109","taxpayer":"DIAMOND PARKING INC #812","propertyType":"C","presentUse":"Parking(Commercial Lot)","landSqft":8396,"acres":0.19,"zoning":"SM-UP 160 (M)","isCondo":false,"kcUrl":"https://blue.kingcounty.com/Assessor/eRealProperty/Detail.aspx?ParcelNbr=1991200340","currentOwner":"DIAMOND PARKING INC #812","currentCompanyId":"auto-diamond-parking-inc-812"}},{"type":"Feature","id":1991200405,"geometry":{"type":"MultiPolygon","coordinates":[[[[-122.3456666167172,47.62197740901957],[-122.34576104761163,47.621977706017745],[-122.34596717178016,47.62181447706679],[-122.34610740555775,47.621703420248956],[-122.3461078381382,47.621650482309185],[-122.34610917865199,47.62148600127353],[-122.34611052429463,47.62132151387166],[-122.34611186463451,47.62115702743902],[-122.3461132062699,47.62099254008875],[-122.34567462524753,47.62099097140991],[-122.34560974401842,47.620990742321744],[-122.34517182436502,47.620989172813594],[-122.34517048661041,47.62115362137843],[-122.34516915385414,47.62131805908078],[-122.34516781300432,47.621482493291296],[-122.34516647890106,47.62164693100989],[-122.34516514212915,47.621811368763105],[-122.3451638079829,47.62197580558109],[-122.34560174020586,47.62197720143851],[-122.3456666167172,47.62197740901957]]],[[[-122.34647680300027,47.62115829882532],[-122.3464754638402,47.62132278616151],[-122.34647465690105,47.62142139692396],[-122.34660160429881,47.62132321141895],[-122.34681335329618,47.62115944187438],[-122.34691537273326,47.62108053599995],[-122.34698066884,47.621030034270156],[-122.34702509947344,47.62099566655737],[-122.34698094997539,47.620995519659814],[-122.34691606897034,47.62099529940967],[-122.34647814757683,47.6209938150148],[-122.34647680300027,47.62115829882532]]]]},"properties":{"pin":"1991200405","address":"319 6TH AVE N 98109","taxpayer":"SEATTLE CITY OF SCL","propertyType":"C","presentUse":"Utility, Public","landSqft":89295,"acres":2.05,"zoning":"SM-UP 160 (M)","isCondo":false,"kcUrl":"https://blue.kingcounty.com/Assessor/eRealProperty/Detail.aspx?ParcelNbr=1991200405","currentOwner":"SEATTLE CITY OF SCL","currentCompanyId":"city-of-seattle"}},{"type":"Feature","id":1991200495,"geometry":{"type":"Polygon","coordinates":[[[-122.34517606006939,47.620479170570896],[-122.34517468489558,47.62064370419867],[-122.34517331104315,47.62080823780807],[-122.34559567837705,47.620809755756156],[-122.34559704698208,47.620645224892456],[-122.34559841696078,47.620480695808915],[-122.34517606006939,47.620479170570896]]]},"properties":{"pin":"1991200495","address":"Geo Area","taxpayer":"BRE BMR 6TH LLC","propertyType":"C","presentUse":"Office Building","landSqft":12960,"acres":0.3,"zoning":"SM-UP 160 (M)","isCondo":false,"kcUrl":"https://blue.kingcounty.com/Assessor/eRealProperty/Detail.aspx?ParcelNbr=1991200495","currentOwner":"BRE BMR 6TH LLC","currentCompanyId":"biomed-realty"}},{"type":"Feature","id":1991200505,"geometry":{"type":"Polygon","coordinates":[[[-122.34517606006939,47.620479170570896],[-122.34559841696078,47.620480695808915],[-122.34559979094723,47.620316167570934],[-122.34517742323774,47.620314636202146],[-122.34517606006939,47.620479170570896]]]},"properties":{"pin":"1991200505","address":"225 6TH AVE N 98109","taxpayer":"BRE BMR 6TH LLC","propertyType":"C","presentUse":"Office Building","landSqft":6480,"acres":0.15,"zoning":"SM-UP 160 (M)","isCondo":false,"kcUrl":"https://blue.kingcounty.com/Assessor/eRealProperty/Detail.aspx?ParcelNbr=1991200505","currentOwner":"BRE BMR 6TH LLC","currentCompanyId":"biomed-realty"}},{"type":"Feature","id":1991200515,"geometry":{"type":"Polygon","coordinates":[[[-122.34517742323774,47.620314636202146],[-122.34559979094723,47.620316167570934],[-122.34560116492491,47.62015163933224],[-122.34517879448245,47.6201501053238],[-122.34517742323774,47.620314636202146]]]},"properties":{"pin":"1991200515","address":"Geo Area","taxpayer":"BRE BMR 6TH LLC","propertyType":"C","presentUse":"Office Building","landSqft":6480,"acres":0.15,"zoning":"SM-UP 160 (M)","isCondo":false,"kcUrl":"https://blue.kingcounty.com/Assessor/eRealProperty/Detail.aspx?ParcelNbr=1991200515","currentOwner":"BRE BMR 6TH LLC","currentCompanyId":"biomed-realty"}},{"type":"Feature","id":1991200520,"geometry":{"type":"Polygon","coordinates":[[[-122.34517879448245,47.6201501053238],[-122.34560116492491,47.62015163933224],[-122.34560253490376,47.61998711114591],[-122.34560390855039,47.61982257211473],[-122.34519902760469,47.61982110178817],[-122.34518153676277,47.619821037270164],[-122.34518016564,47.61998557174698],[-122.34517879448245,47.6201501053238]]]},"properties":{"pin":"1991200520","address":"Geo Area","taxpayer":"BRE BMR 6TH LLC","propertyType":"C","presentUse":"Office Building","landSqft":12960,"acres":0.3,"zoning":"SM-UP 160 (M)","isCondo":false,"kcUrl":"https://blue.kingcounty.com/Assessor/eRealProperty/Detail.aspx?ParcelNbr=1991200520","currentOwner":"BRE BMR 6TH LLC","currentCompanyId":"biomed-realty"}},{"type":"Feature","id":1991200540,"geometry":{"type":"Polygon","coordinates":[[[-122.34611469632492,47.62081160498256],[-122.34611606884435,47.62064708213527],[-122.34611743744337,47.62048256203814],[-122.3461188059553,47.620318039242505],[-122.3461201744586,47.620153516446194],[-122.3461215469434,47.61998899359617],[-122.34612291907955,47.619824459055025],[-122.34568500330523,47.61982287090889],[-122.34568363100978,47.61998740182998],[-122.3456822612874,47.620151930017286],[-122.34568088756613,47.62031645825696],[-122.34567951383617,47.6204809864959],[-122.34567814411383,47.62064551558043],[-122.34567677443519,47.62081004646277],[-122.34611469632492,47.62081160498256]]]},"properties":{"pin":"1991200540","address":"200 TAYLOR AVE N 98109","taxpayer":"BRE BMR 6TH LLC","propertyType":"C","presentUse":"Vacant(Commercial)","landSqft":38880,"acres":0.89,"zoning":"SM-UP 160 (M)","isCondo":false,"kcUrl":"https://blue.kingcounty.com/Assessor/eRealProperty/Detail.aspx?ParcelNbr=1991200540","currentOwner":"BRE BMR 6TH LLC","currentCompanyId":"biomed-realty"}},{"type":"Feature","id":1991200705,"geometry":{"type":"Polygon","coordinates":[[[-122.34438830201366,47.6196371905126],[-122.34481810856809,47.61963876627992],[-122.34481945425426,47.619474278938796],[-122.34482080253981,47.61930978976305],[-122.34439100018955,47.61930821938383],[-122.3443896517448,47.61947270404047],[-122.34438830201366,47.6196371905126]]]},"properties":{"pin":"1991200705","address":"120 6TH AVE N","taxpayer":"LITTLE WING PROPERTY LLC","propertyType":"C","presentUse":"Office Building","landSqft":12720,"acres":0.29,"zoning":"SM-UP 160 (M)","isCondo":false,"kcUrl":"https://blue.kingcounty.com/Assessor/eRealProperty/Detail.aspx?ParcelNbr=1991200705","currentOwner":"LITTLE WING PROPERTY LLC","currentCompanyId":"auto-little-wing-property-llc"}},{"type":"Feature","id":1991200730,"geometry":{"type":"Polygon","coordinates":[[[-122.34391200473225,47.62080356525128],[-122.34430558041429,47.620805033816964],[-122.34430695693227,47.62064049752023],[-122.34430833093812,47.6204759666537],[-122.34430970110176,47.62031144123502],[-122.34431107506408,47.62014690946787],[-122.34431244927892,47.61998238669261],[-122.34431382121477,47.619817831560894],[-122.34395912055007,47.61981655961428],[-122.34395126864639,47.6199810585996],[-122.34394341935312,47.6201455575484],[-122.34393556735013,47.620310056531274],[-122.34392771000329,47.6204745564828],[-122.34391986189121,47.62063905541031],[-122.34391200473225,47.62080356525128]]]},"properties":{"pin":"1991200730","address":"225 AURORA AVE N 98109","taxpayer":"618 JOHN STREET LLC C/O GEM","propertyType":"C","presentUse":"Hotel/Motel","landSqft":33214,"acres":0.76,"zoning":"SM-UP 160 (M)","isCondo":false,"kcUrl":"https://blue.kingcounty.com/Assessor/eRealProperty/Detail.aspx?ParcelNbr=1991200730","currentOwner":"618 JOHN STREET LLC","currentCompanyId":"auto-618-john-street-llc"}},{"type":"Feature","id":1991200765,"geometry":{"type":"Polygon","coordinates":[[[-122.34437320385257,47.620476207380776],[-122.34481083328016,47.62047783233719],[-122.344811120732,47.62047783391726],[-122.34481226641417,47.62034048868184],[-122.34481249313932,47.62031330304399],[-122.3448138655379,47.62014877217002],[-122.34481523245084,47.61998423597045],[-122.34481660464918,47.61981969880026],[-122.34437869338709,47.619818074982625],[-122.3443773201957,47.61998262563649],[-122.34437594376092,47.62014715654119],[-122.34437457381108,47.6203116819613],[-122.34437320385257,47.620476207380776]]]},"properties":{"pin":"1991200765","address":"200 6TH AVE N 98109","taxpayer":"JAYGEES HOSPITALITY INC","propertyType":"C","presentUse":"Hotel/Motel","landSqft":25920,"acres":0.6,"zoning":"SM-UP 160 (M)","isCondo":false,"kcUrl":"https://blue.kingcounty.com/Assessor/eRealProperty/Detail.aspx?ParcelNbr=1991200765","currentOwner":"JAYGEES HOLDINGS LTD","currentCompanyId":"auto-jaygees-holdings-ltd"}},{"type":"Feature","id":1991200785,"geometry":{"type":"Polygon","coordinates":[[[-122.34437182997348,47.62064073555028],[-122.3445340207686,47.620641337551824],[-122.34477454265483,47.620642239498316],[-122.34480974849895,47.6206423710847],[-122.34481109862077,47.62048041609265],[-122.344811120732,47.62047783391726],[-122.34481083328016,47.62047783233719],[-122.34437320385257,47.620476207380776],[-122.34437182997348,47.62064073555028]]]},"properties":{"pin":"1991200785","address":"220 6TH AVE N 98109","taxpayer":"BEEBE REALTY INC","propertyType":"C","presentUse":"Parking(Commercial Lot)","landSqft":6480,"acres":0.15,"zoning":"SM-UP 160 (M)","isCondo":false,"kcUrl":"https://blue.kingcounty.com/Assessor/eRealProperty/Detail.aspx?ParcelNbr=1991200785","currentOwner":"BEEBE REALTY INC","currentCompanyId":"auto-beebe-realty-inc"}},{"type":"Feature","id":1991200790,"geometry":{"type":"Polygon","coordinates":[[[-122.34453264781169,47.620805880110844],[-122.34475053033843,47.62080668689868],[-122.34480837607433,47.620806901956584],[-122.34480974849895,47.6206423710847],[-122.34477454265483,47.620642239498316],[-122.3445340207686,47.620641337551824],[-122.34453264781169,47.620805880110844]]]},"properties":{"pin":"1991200790","address":"605 THOMAS ST 98109","taxpayer":"SIXTH & THOMAS PARTNERS LLC","propertyType":"C","presentUse":"Office Building","landSqft":4080,"acres":0.09,"zoning":"SM-UP 160 (M)","isCondo":false,"kcUrl":"https://blue.kingcounty.com/Assessor/eRealProperty/Detail.aspx?ParcelNbr=1991200790","currentOwner":"SIXTH & THOMAS PARTNERS LLC","currentCompanyId":"auto-sixth-thomas-partners-llc"}},{"type":"Feature","id":1991200795,"geometry":{"type":"Polygon","coordinates":[[[-122.34437182997348,47.62064073555028],[-122.34437045251342,47.6208052781603],[-122.34453264781169,47.620805880110844],[-122.3445340207686,47.620641337551824],[-122.34437182997348,47.62064073555028]]]},"properties":{"pin":"1991200795","address":"609 THOMAS ST 98109","taxpayer":"SIXTH & THOMAS PARTNERS LLC","propertyType":"C","presentUse":"Apartment","landSqft":2400,"acres":0.06,"zoning":"SM-UP 160 (M)","isCondo":false,"kcUrl":"https://blue.kingcounty.com/Assessor/eRealProperty/Detail.aspx?ParcelNbr=1991200795","currentOwner":"SIXTH & THOMAS PARTNERS LLC","currentCompanyId":"auto-sixth-thomas-partners-llc"}},{"type":"Feature","id":1991200800,"geometry":{"type":"Polygon","coordinates":[[[-122.34387853924268,47.621477396398255],[-122.34387042808282,47.62164169099547],[-122.34386231809745,47.62180598197671],[-122.34385615124303,47.621930924309346],[-122.34385582902075,47.62197028203002],[-122.34429606685036,47.621971902401334],[-122.34429740583045,47.62180758341474],[-122.34429874078563,47.62164326358117],[-122.34430008089603,47.62147893828066],[-122.34389868814678,47.62147747082523],[-122.34387853924268,47.621477396398255]]]},"properties":{"pin":"1991200800","address":"325 7TH AVE N 98109","taxpayer":"SRI ENTERPRISE L L C","propertyType":"C","presentUse":"Hotel/Motel","landSqft":19007,"acres":0.44,"zoning":"SM-UP 160 (M)","isCondo":false,"kcUrl":"https://blue.kingcounty.com/Assessor/eRealProperty/Detail.aspx?ParcelNbr=1991200800","currentOwner":"WASHINGTON STATE OF/DEPARTMENT OF TRANSPORTATION","currentCompanyId":"washington-state"}},{"type":"Feature","id":1991200815,"geometry":{"type":"Polygon","coordinates":[[[-122.34389868814678,47.62147747082523],[-122.34430008089603,47.62147893828066],[-122.34430142000747,47.621314624687585],[-122.34430275501568,47.621150307549726],[-122.3443040952836,47.620985988541996],[-122.34392303038642,47.620984585099684],[-122.34392301086585,47.6209849667935],[-122.34391491686206,47.62114888243518],[-122.34391489734136,47.621149264128974],[-122.34390680185196,47.62131317619003],[-122.34389868814678,47.62147747082523]]]},"properties":{"pin":"1991200815","address":"Geo Area","taxpayer":"WA STATE DOT","propertyType":"C","presentUse":"Vacant(Commercial)","landSqft":17349,"acres":0.4,"zoning":"SM-UP 160 (M)","isCondo":false,"kcUrl":"https://blue.kingcounty.com/Assessor/eRealProperty/Detail.aspx?ParcelNbr=1991200815","currentOwner":"SEATTLE CITY OF","currentCompanyId":"city-of-seattle"}},{"type":"Feature","id":1991200870,"geometry":{"type":"Polygon","coordinates":[[[-122.34305536066528,47.62196794146074],[-122.3434836350071,47.621969616614756],[-122.34348553520658,47.621805657265966],[-122.34348743539414,47.621641697916466],[-122.34348933157942,47.62147773861916],[-122.34348934032833,47.62147721493006],[-122.3434912344032,47.62131377923296],[-122.3434912451461,47.62131272834586],[-122.3434931306428,47.621149822632034],[-122.34349503070419,47.62098586058191],[-122.34306349843233,47.62098315106287],[-122.34299862809682,47.62098274491821],[-122.34259584331822,47.6209802145516],[-122.34259441412091,47.62114454364307],[-122.34259299247773,47.62130885823978],[-122.342591562871,47.621473173840855],[-122.34259013588941,47.62163748850674],[-122.34258871022891,47.62180180315425],[-122.34258728458545,47.62196611870036],[-122.34299048699216,47.62196769187154],[-122.34305536066528,47.62196794146074]]]},"properties":{"pin":"1991200870","address":"333 DEXTER AVE N","taxpayer":"KILROY REALTY LP C/O HEIDI","propertyType":"C","presentUse":"Office Building","landSqft":80586,"acres":1.85,"zoning":"SM-SLU 175/85-280","isCondo":false,"kcUrl":"https://blue.kingcounty.com/Assessor/eRealProperty/Detail.aspx?ParcelNbr=1991200870","currentOwner":"KR 333 DEXTER LLC","currentCompanyId":"kilroy"}},{"type":"Feature","id":1991200930,"geometry":{"type":"Polygon","coordinates":[[[-122.3425974041279,47.620799278715495],[-122.34300011823746,47.62080180639695],[-122.34300147136399,47.62063696371408],[-122.34299337472714,47.620636917281104],[-122.34259881809801,47.62063456299204],[-122.3425974041279,47.620799278715495]]]},"properties":{"pin":"1991200930","address":"231 DEXTER AVE N 98109","taxpayer":"231 DEXTER LLC","propertyType":"C","presentUse":"Warehouse","landSqft":6000,"acres":0.14,"zoning":"SM-SLU 175/85-280","isCondo":false,"kcUrl":"https://blue.kingcounty.com/Assessor/eRealProperty/Detail.aspx?ParcelNbr=1991200930","currentOwner":"231 DEXTER LLC","currentCompanyId":"auto-231-dexter-llc"}},{"type":"Feature","id":1991200935,"geometry":{"type":"Polygon","coordinates":[[[-122.34259881809801,47.62063456299204],[-122.34299337472714,47.620636917281104],[-122.34299473183482,47.62047207364545],[-122.34299608763001,47.620307230925995],[-122.34299744033888,47.62014237385291],[-122.34299879718597,47.619977522121765],[-122.3426044353692,47.619975702401355],[-122.34260302941523,47.62014041802171],[-122.34260162350449,47.62030513543996],[-122.3426002213664,47.62046984561048],[-122.34259881809801,47.62063456299204]]]},"properties":{"pin":"1991200935","address":"211 DEXTER AVE N 98109","taxpayer":"RAINIER HOSPITALITY LLC","propertyType":"C","presentUse":"Hotel/Motel","landSqft":23520,"acres":0.54,"zoning":"SM-SLU 175/85-280","isCondo":false,"kcUrl":"https://blue.kingcounty.com/Assessor/eRealProperty/Detail.aspx?ParcelNbr=1991200935","currentOwner":"RAINIER HOSPITALITY LLC","currentCompanyId":"auto-rainier-hospitality-llc"}},{"type":"Feature","id":1991200940,"geometry":{"type":"Polygon","coordinates":[[[-122.34307445204027,47.62063739900479],[-122.34348691363849,47.6206398622132],[-122.34347430176302,47.62047477929083],[-122.3434616954445,47.62030970169142],[-122.34344908380741,47.620144621462714],[-122.34343648163902,47.619979543806195],[-122.34342385111775,47.61981422003173],[-122.34308123333625,47.619812990135465],[-122.34307987834651,47.61997789672335],[-122.34307852405199,47.620142781710534],[-122.34307717214799,47.620307657669095],[-122.34307580834313,47.62047253648361],[-122.34307445204027,47.62063739900479]]]},"properties":{"pin":"1991200940","address":"226 7TH AVE N 98109","taxpayer":"SEQUIM LODGING CORP","propertyType":"C","presentUse":"Hotel/Motel","landSqft":28125,"acres":0.65,"zoning":"SM-SLU 175/85-280","isCondo":false,"kcUrl":"https://blue.kingcounty.com/Assessor/eRealProperty/Detail.aspx?ParcelNbr=1991200940","currentOwner":"SEQUIM LODGING","currentCompanyId":"auto-sequim-lodging"}},{"type":"Feature","id":1991200970,"geometry":{"type":"Polygon","coordinates":[[[-122.34299879718597,47.619977522121765],[-122.34300689212915,47.619977559579375],[-122.343008248394,47.6198126889629],[-122.34260584141869,47.6198109903773],[-122.3426044353692,47.619975702401355],[-122.34299879718597,47.619977522121765]]]},"properties":{"pin":"1991200970","address":"203 DEXTER AVE N 98109","taxpayer":"DEXTER REAL ESTATE ASSOCIAT","propertyType":"C","presentUse":"Retail Store","landSqft":6000,"acres":0.14,"zoning":"SM-SLU 175/85-280","isCondo":false,"kcUrl":"https://blue.kingcounty.com/Assessor/eRealProperty/Detail.aspx?ParcelNbr=1991200970","currentOwner":"DEXTER REAL ESTATE ASSOCIATES LLC","currentCompanyId":"auto-dexter-real-estate-associates-llc"}},{"type":"Feature","id":1991201000,"geometry":{"type":"Polygon","coordinates":[[[-122.34306499403384,47.620802270940004],[-122.34307386415,47.6208022846174],[-122.34349948795906,47.620802961093084],[-122.34348691363849,47.6206398622132],[-122.34307445204027,47.62063739900479],[-122.34306634870079,47.62063735086674],[-122.34306499403384,47.620802270940004]]]},"properties":{"pin":"1991201000","address":"232 AURORA AVE N 98109","taxpayer":"232 AURORA PARTNERS LLC","propertyType":"C","presentUse":"Warehouse","landSqft":6375,"acres":0.15,"zoning":"SM-SLU 175/85-280","isCondo":false,"kcUrl":"https://blue.kingcounty.com/Assessor/eRealProperty/Detail.aspx?ParcelNbr=1991201000","currentOwner":"232 AURORA PARTNERS LLC","currentCompanyId":"auto-232-aurora-partners-llc"}},{"type":"Feature","id":1991201005,"geometry":{"type":"Polygon","coordinates":[[[-122.34260884709174,47.61946191358123],[-122.34260739816837,47.61963005458873],[-122.34301286585726,47.619631770124364],[-122.34301431985887,47.61946357415071],[-122.34301573535791,47.61929978317744],[-122.34261027247345,47.61929814408949],[-122.34260884709174,47.61946191358123]]]},"properties":{"pin":"1991201005","address":"133 DEXTER AVE N 98109","taxpayer":"EWING INVESTMENTS LLC","propertyType":"C","presentUse":"Utility, Private(Radio/T.V.)","landSqft":12000,"acres":0.28,"zoning":"SM-SLU 240/125-440","isCondo":false,"kcUrl":"https://blue.kingcounty.com/Assessor/eRealProperty/Detail.aspx?ParcelNbr=1991201005","currentOwner":"EWING INVESTMENTS L L C","currentCompanyId":"auto-ewing-investments-llc"}},{"type":"Feature","id":1991201015,"geometry":{"type":"Polygon","coordinates":[[[-122.34261027247345,47.61929814408949],[-122.34301573535791,47.61929978317744],[-122.34301717238145,47.61913407484899],[-122.34261169898586,47.61913358832287],[-122.34261027247345,47.61929814408949]]]},"properties":{"pin":"1991201015","address":"113 DEXTER AVE N 98109","taxpayer":"CITY INVESTORS XV LLC","propertyType":"C","presentUse":"Parking(Assoc)","landSqft":6000,"acres":0.14,"zoning":"SM-SLU 240/125-440","isCondo":false,"kcUrl":"https://blue.kingcounty.com/Assessor/eRealProperty/Detail.aspx?ParcelNbr=1991201015","currentOwner":"CITY INVESTORS XV LLC","currentCompanyId":"vulcan"}},{"type":"Feature","id":1991201025,"geometry":{"type":"Polygon","coordinates":[[[-122.34301717238145,47.61913407484899],[-122.34301858061713,47.61897200582395],[-122.34261311887117,47.61896962998439],[-122.34261169898586,47.61913358832287],[-122.34301717238145,47.61913407484899]]]},"properties":{"pin":"1991201025","address":"113 DEXTER AVE N 98109","taxpayer":"CITY INVESTORS XV LLC","propertyType":"C","presentUse":"Utility, Private(Radio/T.V.)","landSqft":6000,"acres":0.14,"zoning":"SM-SLU 240/125-440","isCondo":false,"kcUrl":"https://blue.kingcounty.com/Assessor/eRealProperty/Detail.aspx?ParcelNbr=1991201025","currentOwner":"CITY INVESTORS XV LLC","currentCompanyId":"vulcan"}},{"type":"Feature","id":1991201050,"geometry":{"type":"Polygon","coordinates":[[[-122.34307918217905,47.61946574090438],[-122.34341068610846,47.61946683036864],[-122.3433995091209,47.61930294017576],[-122.34338840934483,47.619140057420445],[-122.34337696845473,47.61897225022683],[-122.34336582306108,47.618808707761374],[-122.34336580879057,47.61880849114466],[-122.34331119877544,47.618701791489556],[-122.34321557184809,47.61864398374203],[-122.34308629631545,47.61864345606985],[-122.3430848758485,47.61880766363517],[-122.34308406821371,47.61890110604464],[-122.34308345639214,47.618971998031235],[-122.34308203036096,47.61913665637341],[-122.34308060682166,47.61930117164367],[-122.34307918217905,47.61946574090438]]]},"properties":{"pin":"1991201050","address":"700 DENNY WAY 98109","taxpayer":"CITY INVESTORS XV LLC","propertyType":"C","presentUse":"Parking(Commercial Lot)","landSqft":22028,"acres":0.51,"zoning":"SM-SLU 240/125-440","isCondo":false,"kcUrl":"https://blue.kingcounty.com/Assessor/eRealProperty/Detail.aspx?ParcelNbr=1991201050","currentOwner":"CITY INVESTORS XV LLC","currentCompanyId":"vulcan"}},{"type":"Feature","id":1991201075,"geometry":{"type":"Polygon","coordinates":[[[-122.34307918217905,47.61946574090438],[-122.34307774266888,47.6196320448096],[-122.34342204490649,47.61963349794342],[-122.34341068610846,47.61946683036864],[-122.34307918217905,47.61946574090438]]]},"properties":{"pin":"1991201075","address":"701 JOHN ST 98109","taxpayer":"SORENSEN KURT A+LI ZI YANG","propertyType":"C","presentUse":"Service Building","landSqft":5100,"acres":0.12,"zoning":"SM-SLU 240/125-440","isCondo":false,"kcUrl":"https://blue.kingcounty.com/Assessor/eRealProperty/Detail.aspx?ParcelNbr=1991201075","currentOwner":"SORENSEN KURT A+LI ZI YANG","currentCompanyId":"auto-sorensen-kurt-a-li-zi-yang"}},{"type":"Feature","id":1991201080,"geometry":{"type":"Polygon","coordinates":[[[-122.34121248314267,47.62062846438021],[-122.34121105686921,47.62079391697151],[-122.34169763695293,47.620795588174104],[-122.34169905648294,47.62063096598527],[-122.34169094667782,47.62063092413226],[-122.34121248314267,47.62062846438021]]]},"properties":{"pin":"1991201080","address":"285 8TH AVE N","taxpayer":"EQR-MARK ON 8TH LLC","propertyType":"C","presentUse":"Apartment","landSqft":7200,"acres":0.17,"zoning":"SM-SLU 85-280","isCondo":false,"kcUrl":"https://blue.kingcounty.com/Assessor/eRealProperty/Detail.aspx?ParcelNbr=1991201080","currentOwner":"EQR-MARK ON 8TH LLC","currentCompanyId":"equity-residential"}},{"type":"Feature","id":1991201085,"geometry":{"type":"Polygon","coordinates":[[[-122.34121248314267,47.62062846438021],[-122.34169094667782,47.62063092413226],[-122.34169236306965,47.620466193131925],[-122.34121389524667,47.62046449723116],[-122.34121248314267,47.62062846438021]]]},"properties":{"pin":"1991201085","address":"8TH AVE N 98109","taxpayer":"8TH & THOMAS JV LLC","propertyType":"C","presentUse":"Vacant(Commercial)","landSqft":7080,"acres":0.16,"zoning":"SM-SLU 85-280","isCondo":false,"kcUrl":"https://blue.kingcounty.com/Assessor/eRealProperty/Detail.aspx?ParcelNbr=1991201085","currentOwner":"EQR-MARK ON 8TH LLC","currentCompanyId":"equity-residential"}},{"type":"Feature","id":1991201095,"geometry":{"type":"Polygon","coordinates":[[[-122.34121389524667,47.62046449723116],[-122.34169236306965,47.620466193131925],[-122.34169377947828,47.620301508910195],[-122.34121531376995,47.620299787818404],[-122.34121389524667,47.62046449723116]]]},"properties":{"pin":"1991201095","address":"Geo Area","taxpayer":"8TH & THOMAS JV LLC","propertyType":"C","presentUse":"Vacant(Commercial)","landSqft":7080,"acres":0.16,"zoning":"SM-SLU 85-280","isCondo":false,"kcUrl":"https://blue.kingcounty.com/Assessor/eRealProperty/Detail.aspx?ParcelNbr=1991201095","currentOwner":"EQR-MARK ON 8TH LLC","currentCompanyId":"equity-residential"}},{"type":"Feature","id":1991201100,"geometry":{"type":"Polygon","coordinates":[[[-122.34121531376995,47.620299787818404],[-122.34169377947828,47.620301508910195],[-122.34169519600827,47.620136829184155],[-122.34121672829401,47.62013507845782],[-122.34121531376995,47.620299787818404]]]},"properties":{"pin":"1991201100","address":"Geo Area","taxpayer":"8TH & THOMAS JV LLC","propertyType":"C","presentUse":"Vacant(Commercial)","landSqft":7080,"acres":0.16,"zoning":"SM-SLU 85-280","isCondo":false,"kcUrl":"https://blue.kingcounty.com/Assessor/eRealProperty/Detail.aspx?ParcelNbr=1991201100","currentOwner":"EQR-MARK ON 8TH LLC","currentCompanyId":"equity-residential"}},{"type":"Feature","id":1991201110,"geometry":{"type":"Polygon","coordinates":[[[-122.34169519600827,47.620136829184155],[-122.34170330539746,47.62013685934639],[-122.34170472306643,47.61997217420634],[-122.34170613798815,47.61980748640308],[-122.34121956628682,47.61980564792078],[-122.34121814286124,47.61997037089507],[-122.34121672829401,47.62013507845782],[-122.34169519600827,47.620136829184155]]]},"properties":{"pin":"1991201110","address":"766 JOHN ST 98109","taxpayer":"DENNY PARK LUTHERAN CHURCH","propertyType":"C","presentUse":"Church/Welfare/Relig Srvc","landSqft":14400,"acres":0.33,"zoning":"SM-SLU 85-280","isCondo":false,"kcUrl":"https://blue.kingcounty.com/Assessor/eRealProperty/Detail.aspx?ParcelNbr=1991201110","currentOwner":"DENNY PARK LUTHERAN CHURCH","currentCompanyId":"auto-denny-park-lutheran-church"}},{"type":"Feature","id":1991201120,"geometry":{"type":"Polygon","coordinates":[[[-122.34177487339228,47.620301802414424],[-122.34217181951877,47.62030323093571],[-122.34217322063542,47.62013857657708],[-122.34217462570723,47.61997392126556],[-122.34217603470822,47.619809264101974],[-122.3417791237241,47.619807770407654],[-122.34177770736437,47.61997244653903],[-122.34177629099568,47.62013712266973],[-122.34177487339228,47.620301802414424]]]},"properties":{"pin":"1991201120","address":"756 JOHN ST","taxpayer":"COMPASS-DEXTER","propertyType":"C","presentUse":"Apartment(Mixed Use)","landSqft":17640,"acres":0.4,"zoning":"SM-SLU 175/85-280","isCondo":false,"kcUrl":"https://blue.kingcounty.com/Assessor/eRealProperty/Detail.aspx?ParcelNbr=1991201120","currentOwner":"SEATTLE CITY OF","currentCompanyId":"city-of-seattle"}},{"type":"Feature","id":1991201135,"geometry":{"type":"Polygon","coordinates":[[[-122.34177345697961,47.62046647764453],[-122.34217040637049,47.620467883653845],[-122.34217181951877,47.62030323093571],[-122.34177487339228,47.620301802414424],[-122.34177345697961,47.62046647764453]]]},"properties":{"pin":"1991201135","address":"Geo Area","taxpayer":"SKYGLASS APARTMENTS OWNER L","propertyType":"C","presentUse":"Apartment(Mixed Use)","landSqft":5880,"acres":0.13,"zoning":"SM-SLU 175/85-280","isCondo":false,"kcUrl":"https://blue.kingcounty.com/Assessor/eRealProperty/Detail.aspx?ParcelNbr=1991201135","currentOwner":"SKYGLASS APARTMENTS OWNER LLC","currentCompanyId":"auto-skyglass-apartments-owner-llc"}},{"type":"Feature","id":1991201140,"geometry":{"type":"Polygon","coordinates":[[[-122.34177062712648,47.62079583975771],[-122.34216759478224,47.62079719249109],[-122.3421689999158,47.62063253808164],[-122.34217040637049,47.620467883653845],[-122.34177345697961,47.62046647764453],[-122.34177204327028,47.62063115463712],[-122.34177062712648,47.62079583975771]]]},"properties":{"pin":"1991201140","address":"757 THOMAS ST","taxpayer":"SKYGLASS APARTMENTS OWNER L","propertyType":"C","presentUse":"Apartment(Mixed Use)","landSqft":11760,"acres":0.27,"zoning":"SM-SLU 175/85-280","isCondo":false,"kcUrl":"https://blue.kingcounty.com/Assessor/eRealProperty/Detail.aspx?ParcelNbr=1991201140","currentOwner":"SKYGLASS APARTMENTS OWNER LLC","currentCompanyId":"auto-skyglass-apartments-owner-llc"}},{"type":"Feature","id":1991201150,"geometry":{"type":"Polygon","coordinates":[[[-122.34120087626101,47.621961283501804],[-122.34168709303171,47.62196294351451],[-122.3416885243093,47.62179854068056],[-122.3416899541695,47.62163413516577],[-122.34169138542894,47.621469732330375],[-122.34169281926134,47.62130532676129],[-122.34120662052854,47.621303663916635],[-122.34120518375158,47.62146806679942],[-122.34120374837384,47.621632472361746],[-122.34120249973137,47.62177508780662],[-122.34120230777084,47.62179688159085],[-122.34120087626101,47.621961283501804]]]},"properties":{"pin":"1991201150","address":"333 8TH AVE N","taxpayer":"PONTE GADEA SEATTLE LLC","propertyType":"C","presentUse":"Office Building","landSqft":28800,"acres":0.66,"zoning":"SM-SLU 85-280","isCondo":false,"kcUrl":"https://blue.kingcounty.com/Assessor/eRealProperty/Detail.aspx?ParcelNbr=1991201150","currentOwner":"PONTE GADEA SEATTLE LLC","currentCompanyId":"ponte-gadea"}},{"type":"Feature","id":1991201187,"geometry":{"type":"Polygon","coordinates":[[[-122.34120662052854,47.621303663916635],[-122.34169281926134,47.62130532676129],[-122.34169401017215,47.62116833911476],[-122.34154841742807,47.62116783964818],[-122.341207812563,47.62116667087962],[-122.34120662052854,47.621303663916635]]]},"properties":{"pin":"1991201187","address":"Geo Area","taxpayer":"PONTE GADEA SEATTLE LLC","propertyType":"C","presentUse":"Office Building","landSqft":6000,"acres":0.14,"zoning":"SM-SLU 85-280","isCondo":false,"kcUrl":"https://blue.kingcounty.com/Assessor/eRealProperty/Detail.aspx?ParcelNbr=1991201187","currentOwner":"PONTE GADEA SEATTLE LLC","currentCompanyId":"ponte-gadea"}},{"type":"Feature","id":1991201190,"geometry":{"type":"Polygon","coordinates":[[[-122.341207812563,47.62116667087962],[-122.34154841742807,47.62116783964818],[-122.34154866057371,47.62114042712085],[-122.34155009617808,47.62097602153458],[-122.3413392450127,47.62097529446768],[-122.34133781015039,47.6211397027315],[-122.34120805189784,47.62113925840586],[-122.341207812563,47.62116667087962]]]},"properties":{"pin":"1991201190","address":"THOMAS ST 98109","taxpayer":"PONTE GADEA SEATTLE LLC","propertyType":"C","presentUse":"Office Building","landSqft":3570,"acres":0.08,"zoning":"SM-SLU 85-280","isCondo":false,"kcUrl":"https://blue.kingcounty.com/Assessor/eRealProperty/Detail.aspx?ParcelNbr=1991201190","currentOwner":"PONTE GADEA SEATTLE LLC","currentCompanyId":"ponte-gadea"}},{"type":"Feature","id":1991201195,"geometry":{"type":"Polygon","coordinates":[[[-122.34154841742807,47.62116783964818],[-122.34169401017215,47.62116833911476],[-122.34169424917262,47.6211409239422],[-122.34169568032677,47.620976518406934],[-122.34155009617808,47.62097602153458],[-122.34154866057371,47.62114042712085],[-122.34154841742807,47.62116783964818]]]},"properties":{"pin":"1991201195","address":"766 THOMAS ST 98109","taxpayer":"PONTE GADEA SEATTLE LLC","propertyType":"C","presentUse":"Office Building","landSqft":2590,"acres":0.06,"zoning":"SM-SLU 85-280","isCondo":false,"kcUrl":"https://blue.kingcounty.com/Assessor/eRealProperty/Detail.aspx?ParcelNbr=1991201195","currentOwner":"PONTE GADEA SEATTLE LLC","currentCompanyId":"ponte-gadea"}},{"type":"Feature","id":1991201200,"geometry":{"type":"Polygon","coordinates":[[[-122.34120805189784,47.62113925840586],[-122.34133781015039,47.6211397027315],[-122.3413392450127,47.62097529446768],[-122.34120949123864,47.62097485278863],[-122.34120805189784,47.62113925840586]]]},"properties":{"pin":"1991201200","address":"8TH AVE N 98109","taxpayer":"PONTE GADEA SEATTLE LLC","propertyType":"C","presentUse":"Office Building","landSqft":2240,"acres":0.05,"zoning":"SM-SLU 85-280","isCondo":false,"kcUrl":"https://blue.kingcounty.com/Assessor/eRealProperty/Detail.aspx?ParcelNbr=1991201200","currentOwner":"PONTE GADEA SEATTLE LLC","currentCompanyId":"ponte-gadea"}},{"type":"Feature","id":1991201210,"geometry":{"type":"Polygon","coordinates":[[[-122.34176730591716,47.62113294592266],[-122.3421646783269,47.62113431042832],[-122.34216603782437,47.62097812915005],[-122.34176866676384,47.620976770044756],[-122.34176730591716,47.62113294592266]]]},"properties":{"pin":"1991201210","address":"300 DEXTER AVE N 98109","taxpayer":"CITY INVESTORS XXIX LLC","propertyType":"C","presentUse":"Warehouse","landSqft":5586,"acres":0.13,"zoning":"SM-SLU 175/85-280","isCondo":false,"kcUrl":"https://blue.kingcounty.com/Assessor/eRealProperty/Detail.aspx?ParcelNbr=1991201210","currentOwner":"CITY INVESTORS XXIX LLC","currentCompanyId":"vulcan"}},{"type":"Feature","id":1991201215,"geometry":{"type":"Polygon","coordinates":[[[-122.34176580209113,47.621305575756],[-122.34216317973132,47.62130693751623],[-122.34216460416619,47.62114253474408],[-122.3421646783269,47.62113431042832],[-122.34176730591716,47.62113294592266],[-122.34176723435378,47.62114117020292],[-122.34176580209113,47.621305575756]]]},"properties":{"pin":"1991201215","address":"306 DEXTER AVE N 98109","taxpayer":"CITY INVESTORS XXIX LLC","propertyType":"C","presentUse":"Retail Store","landSqft":6174,"acres":0.14,"zoning":"SM-SLU 175/85-280","isCondo":false,"kcUrl":"https://blue.kingcounty.com/Assessor/eRealProperty/Detail.aspx?ParcelNbr=1991201215","currentOwner":"CITY INVESTORS XXIX LLC","currentCompanyId":"vulcan"}},{"type":"Feature","id":1991201225,"geometry":{"type":"Polygon","coordinates":[[[-122.34176293879058,47.62163438414465],[-122.34216032144572,47.621635740483974],[-122.34216175129718,47.62147134034051],[-122.34216317973132,47.62130693751623],[-122.34176580209113,47.621305575756],[-122.34176436974126,47.621469978610605],[-122.34176293879058,47.62163438414465]]]},"properties":{"pin":"1991201225","address":"312 DEXTER AVE N 98109","taxpayer":"CITY INVESTORS XXIX LLC","propertyType":"C","presentUse":"Industrial(Gen Purpose)","landSqft":11760,"acres":0.27,"zoning":"SM-SLU 175/85-280","isCondo":false,"kcUrl":"https://blue.kingcounty.com/Assessor/eRealProperty/Detail.aspx?ParcelNbr=1991201225","currentOwner":"CITY INVESTORS XXIX LLC","currentCompanyId":"vulcan"}},{"type":"Feature","id":1991201240,"geometry":{"type":"Polygon","coordinates":[[[-122.34175482789004,47.621634355802804],[-122.34175339815663,47.62179875862062],[-122.34175196731869,47.62196316954877],[-122.34175687508144,47.62196318456877],[-122.34215746453228,47.62196454612912],[-122.34215888900323,47.621800143359806],[-122.34216032144572,47.621635740483974],[-122.34176293879058,47.62163438414465],[-122.34175482789004,47.621634355802804]]]},"properties":{"pin":"1991201240","address":"DEXTER AVE N 98109","taxpayer":"KILROY REALTY LP C/O HEIDI","propertyType":"C","presentUse":"Parking(Assoc)","landSqft":12000,"acres":0.28,"zoning":"SM-SLU 175/85-280","isCondo":false,"kcUrl":"https://blue.kingcounty.com/Assessor/eRealProperty/Detail.aspx?ParcelNbr=1991201240","currentOwner":"KR 330 DEXTER LLC","currentCompanyId":"kilroy"}},{"type":"Feature","id":1991201265,"geometry":{"type":"Polygon","coordinates":[[[-122.33989715590616,47.62162741764107],[-122.33989594180557,47.62179179591283],[-122.33989472767128,47.621956173284644],[-122.34021933774045,47.62195746426423],[-122.34037342255343,47.62195807521674],[-122.34037473994111,47.62179368565724],[-122.34037605995468,47.621629295162556],[-122.3403773774559,47.621464910098005],[-122.34037869617475,47.62130052141809],[-122.34038001624144,47.62113613361915],[-122.34038133481337,47.620971740441576],[-122.33990201502216,47.62096990900813],[-122.33990080100436,47.621134289081205],[-122.33989958684867,47.62129866465732],[-122.3398983687471,47.621463042083974],[-122.33989715590616,47.62162741764107]]]},"properties":{"pin":"1991201265","address":"325 9TH AVE N","taxpayer":"APOLLO EIGHT LLC","propertyType":"C","presentUse":"Office Building","landSqft":42480,"acres":0.98,"zoning":"SM-SLU 175/85-280","isCondo":false,"kcUrl":"https://blue.kingcounty.com/Assessor/eRealProperty/Detail.aspx?ParcelNbr=1991201265","currentOwner":"USQ PHASE EIGHT LLC","currentCompanyId":"auto-usq-phase-eight-llc"}},{"type":"Feature","id":1991201295,"geometry":{"type":"Polygon","coordinates":[[[-122.34045455584067,47.621958399761056],[-122.34093325459777,47.62196029389033],[-122.34093468309317,47.621795896531914],[-122.34093612347232,47.62163149631645],[-122.34093756118212,47.62146709613548],[-122.34093899755277,47.62130269597151],[-122.3409404339404,47.62113829670606],[-122.34094186322554,47.62097388224049],[-122.34046255411366,47.620972055724366],[-122.34046122124555,47.62113645179449],[-122.34045988803037,47.621300836173425],[-122.34045855498903,47.62146522684657],[-122.34045722196538,47.62162961841825],[-122.34045588882913,47.621794006392214],[-122.34045455584067,47.621958399761056]]]},"properties":{"pin":"1991201295","address":"300 8TH AVE N 98109","taxpayer":"PONTE GADEA SEATTLE LLC","propertyType":"C","presentUse":"Office Building","landSqft":42480,"acres":0.98,"zoning":"SM-SLU 85-280","isCondo":false,"kcUrl":"https://blue.kingcounty.com/Assessor/eRealProperty/Detail.aspx?ParcelNbr=1991201295","currentOwner":"PONTE GADEA SEATTLE LLC","currentCompanyId":"ponte-gadea"}},{"type":"Feature","id":1991201335,"geometry":{"type":"Polygon","coordinates":[[[-122.33990477161697,47.620624375794215],[-122.33990342157351,47.62078897447544],[-122.34038281827685,47.62079080846084],[-122.34038419857077,47.62062615807557],[-122.33990477161697,47.620624375794215]]]},"properties":{"pin":"1991201335","address":"Geo Area","taxpayer":"9NORTH OWNER LLC","propertyType":"C","presentUse":"Warehouse","landSqft":7080,"acres":0.16,"zoning":"SM-SLU 175/85-280","isCondo":false,"kcUrl":"https://blue.kingcounty.com/Assessor/eRealProperty/Detail.aspx?ParcelNbr=1991201335","currentOwner":"SEATTLE CITY OF","currentCompanyId":"city-of-seattle"}},{"type":"Feature","id":1991201345,"geometry":{"type":"Polygon","coordinates":[[[-122.33990477161697,47.620624375794215],[-122.34038419857077,47.62062615807557],[-122.3403855816463,47.6204615121507],[-122.33990611241946,47.62045977993337],[-122.33990477161697,47.620624375794215]]]},"properties":{"pin":"1991201345","address":"Geo Area","taxpayer":"9NORTH OWNER LLC","propertyType":"C","presentUse":"Warehouse","landSqft":7080,"acres":0.16,"zoning":"SM-SLU 175/85-280","isCondo":false,"kcUrl":"https://blue.kingcounty.com/Assessor/eRealProperty/Detail.aspx?ParcelNbr=1991201345","currentOwner":"SEATTLE CITY OF","currentCompanyId":"city-of-seattle"}},{"type":"Feature","id":1991201350,"geometry":{"type":"Polygon","coordinates":[[[-122.34038627157415,47.62037927152357],[-122.34039438102641,47.62037930267832],[-122.34039507269217,47.620296892901145],[-122.34039542756103,47.62025448421553],[-122.34028351766229,47.620254008525855],[-122.34028316113451,47.620296500895556],[-122.33990746108962,47.6202951803691],[-122.3399067883442,47.62037753500644],[-122.34038627157415,47.62037927152357]]]},"properties":{"pin":"1991201350","address":"217 9TH AVE N 98109","taxpayer":"PETERSON BARBARA","propertyType":"C","presentUse":"Office Building","landSqft":4039,"acres":0.09,"zoning":"SM-SLU 175/85-280","isCondo":false,"kcUrl":"https://blue.kingcounty.com/Assessor/eRealProperty/Detail.aspx?ParcelNbr=1991201350","currentOwner":"SEATTLE UNITY CHURCH","currentCompanyId":"auto-seattle-unity-church"}},{"type":"Feature","id":1991201355,"geometry":{"type":"Polygon","coordinates":[[[-122.33990611241946,47.62045977993337],[-122.3403855816463,47.6204615121507],[-122.34038627157415,47.62037927152357],[-122.3399067883442,47.62037753500644],[-122.33990611241946,47.62045977993337]]]},"properties":{"pin":"1991201355","address":"Geo Area","taxpayer":"9NORTH OWNER LLC","propertyType":"C","presentUse":"Warehouse","landSqft":3540,"acres":0.08,"zoning":"SM-SLU 175/85-280","isCondo":false,"kcUrl":"https://blue.kingcounty.com/Assessor/eRealProperty/Detail.aspx?ParcelNbr=1991201355","currentOwner":"SEATTLE CITY OF","currentCompanyId":"city-of-seattle"}},{"type":"Feature","id":1991201360,"geometry":{"type":"Polygon","coordinates":[[[-122.33990746108962,47.6202951803691],[-122.34028316113451,47.620296500895556],[-122.34028351766229,47.620254008525855],[-122.34039542756103,47.62025448421553],[-122.34039645040428,47.62013224704528],[-122.34039782943773,47.619967601171076],[-122.34039920820203,47.61980294630358],[-122.34019533217163,47.6198022930415],[-122.3399115003729,47.619801380861034],[-122.33991014779012,47.61996598227868],[-122.33990881110749,47.62013058168584],[-122.33990746108962,47.6202951803691]]]},"properties":{"pin":"1991201360","address":"Geo Area","taxpayer":"9TH + JOHN LLC","propertyType":"C","presentUse":"Warehouse","landSqft":21245,"acres":0.49,"zoning":"SM-SLU 175/85-280","isCondo":false,"kcUrl":"https://blue.kingcounty.com/Assessor/eRealProperty/Detail.aspx?ParcelNbr=1991201360","currentOwner":"9TH & JOHN LLC","currentCompanyId":"auto-9th-john-llc"}},{"type":"Feature","id":1991201400,"geometry":{"type":"Polygon","coordinates":[[[-122.34045800921135,47.62054418703262],[-122.34094556359693,47.620545999651135],[-122.3409462770041,47.62046354369133],[-122.3404668100613,47.62046180211015],[-122.34045869931823,47.62046177277669],[-122.34045800921135,47.62054418703262]]]},"properties":{"pin":"1991201400","address":"220 8TH AVE N 98109","taxpayer":"DOYLE LESLIE","propertyType":"C","presentUse":"Parking(Commercial Lot)","landSqft":3600,"acres":0.08,"zoning":"SM-SLU 85-280","isCondo":false,"kcUrl":"https://blue.kingcounty.com/Assessor/eRealProperty/Detail.aspx?ParcelNbr=1991201400","currentOwner":"NINTH AVENUE ASSOCIATES LLC","currentCompanyId":"auto-ninth-avenue-associates-llc"}},{"type":"Feature","id":1991201405,"geometry":{"type":"Polygon","coordinates":[[[-122.34094343651536,47.62079294903677],[-122.34094485739016,47.620628245006685],[-122.34094556359693,47.620545999651135],[-122.34045800921135,47.62054418703262],[-122.34045731678663,47.620626429493626],[-122.34045593565455,47.62079108889003],[-122.34094343651536,47.62079294903677]]]},"properties":{"pin":"1991201405","address":"230 8TH AVE N 98109","taxpayer":"LIHI DENNY PARK LLC","propertyType":"C","presentUse":"Apartment(Mixed Use)","landSqft":10800,"acres":0.25,"zoning":"SM-SLU 85-280","isCondo":false,"kcUrl":"https://blue.kingcounty.com/Assessor/eRealProperty/Detail.aspx?ParcelNbr=1991201405","currentOwner":"SEATTLE UNITY CHURCH","currentCompanyId":"auto-seattle-unity-church"}},{"type":"Feature","id":2249000006,"geometry":{"type":"Polygon","coordinates":[[[-122.34076209114858,47.62530733833666],[-122.34087797970935,47.62530780058537],[-122.34090270037929,47.6253078977732],[-122.34103651847529,47.62530843814153],[-122.34103870598959,47.62507708090826],[-122.34103946649992,47.62499689584606],[-122.34103992736553,47.62494819838282],[-122.34104137481006,47.62479502340856],[-122.34090733207489,47.62481786328781],[-122.34076350426339,47.62483651208605],[-122.34061904568507,47.62484939370798],[-122.34047418749728,47.624856487540924],[-122.34038960278784,47.624857986278364],[-122.34026555435686,47.62485666000257],[-122.34025573263506,47.62485638881331],[-122.34013056339073,47.624852936159876],[-122.33998107623354,47.6248488112052],[-122.33995062622219,47.62484858994602],[-122.33995294178622,47.624837109069794],[-122.33991465306096,47.62483708512115],[-122.33991393510472,47.62488245561597],[-122.33991088696835,47.62507535596835],[-122.33990988421297,47.62513878268895],[-122.33990769048202,47.62527751616044],[-122.3403139882255,47.62527890884441],[-122.34038629525081,47.62527915694966],[-122.34040843637453,47.625279232623804],[-122.34063143748077,47.625287509498726],[-122.34064454456795,47.625288140173744],[-122.34070381852187,47.625294673790286],[-122.34076209114858,47.62530733833666]]]},"properties":{"pin":"2249000006","address":"816 MERCER ST 98109","taxpayer":"800 MERCER LLC","propertyType":"C","presentUse":"Vacant(Commercial)","landSqft":45086,"acres":1.04,"zoning":"SM-SLU 175/85-280","isCondo":false,"kcUrl":"https://blue.kingcounty.com/Assessor/eRealProperty/Detail.aspx?ParcelNbr=2249000006","currentOwner":"800 MERCER LLC","currentCompanyId":"alexandria"}},{"type":"Feature","id":2249000055,"geometry":{"type":"Polygon","coordinates":[[[-122.34147686290062,47.62530286070608],[-122.34146453418913,47.625309433781595],[-122.34146379770009,47.62530982587418],[-122.34168966967384,47.62531030710675],[-122.34168972300469,47.62530452820796],[-122.34168992204971,47.62528289355932],[-122.34212814450859,47.62528458987613],[-122.34212935622095,47.62514739234023],[-122.34212998373592,47.62507873750917],[-122.342130820043,47.62498278035599],[-122.3421322133039,47.62481816750705],[-122.34213339831054,47.62467793953824],[-122.3421288014999,47.62467603752606],[-122.34207404612835,47.62465336721022],[-122.34207394375683,47.624653324486374],[-122.34206373855781,47.62464909845512],[-122.34201396421946,47.62465309308489],[-122.34201330570315,47.62465314499486],[-122.34188071959899,47.62466378241073],[-122.34186388377539,47.624680579058435],[-122.34169529378565,47.624697481527946],[-122.34160564508927,47.62470762066155],[-122.3414624346361,47.62472549253896],[-122.34131949361303,47.624745404892415],[-122.34131152873815,47.624746574656875],[-122.3412081968764,47.62476370840384],[-122.34120792027626,47.62476376064716],[-122.34120129201767,47.62476499725961],[-122.34120057468293,47.624765131808545],[-122.34119368059558,47.624766425019146],[-122.3411754349958,47.62476985135103],[-122.34111756676862,47.624780716975025],[-122.3411137789476,47.62478142836603],[-122.34104143174723,47.62479501365824],[-122.34104137481006,47.62479502340856],[-122.34103992736553,47.62494819838282],[-122.34103946649992,47.62499689584606],[-122.34103870598959,47.62507708090826],[-122.34103651847529,47.62530843814153],[-122.3411703378782,47.625308977435665],[-122.34128662860817,47.62530944923402],[-122.34131039463982,47.62530053437005],[-122.341335134701,47.62529485736087],[-122.34136040980425,47.6252925189393],[-122.34150516465029,47.62528777078469],[-122.34147686290062,47.62530286070608]]]},"properties":{"pin":"2249000055","address":"753 ROY ST 98109","taxpayer":"800 MERCER LLC","propertyType":"C","presentUse":"Vacant(Industrial)","landSqft":57255,"acres":1.31,"zoning":"SM-SLU 175/85-280","isCondo":false,"kcUrl":"https://blue.kingcounty.com/Assessor/eRealProperty/Detail.aspx?ParcelNbr=2249000055","currentOwner":"800 MERCER LLC","currentCompanyId":"alexandria"}},{"type":"Feature","id":2249000100,"geometry":{"type":"Polygon","coordinates":[[[-122.34256248045861,47.62478003298023],[-122.34256212949255,47.624819810280506],[-122.34256085807655,47.624962478256265],[-122.34299842260391,47.624964106143516],[-122.34343598449823,47.62496573238406],[-122.34343716598475,47.62482312043602],[-122.34343852931498,47.624658581680684],[-122.34339797735346,47.624658426103785],[-122.34300105878563,47.62465689669724],[-122.34272286307025,47.62465582645844],[-122.34256248045861,47.62478003298023]]]},"properties":{"pin":"2249000100","address":"601 DEXTER AVE N 98109","taxpayer":"ARE-SEATTLE NO 32 HOLDING L","propertyType":"C","presentUse":"Warehouse","landSqft":23632,"acres":0.54,"zoning":"SM-SLU 175/85-280","isCondo":false,"kcUrl":"https://blue.kingcounty.com/Assessor/eRealProperty/Detail.aspx?ParcelNbr=2249000100","currentOwner":"ARE-SEATTLE NO 32 HOLDING LLC","currentCompanyId":"alexandria"}},{"type":"Feature","id":2249000120,"geometry":{"type":"Polygon","coordinates":[[[-122.34343503066789,47.62508070709291],[-122.3434356224107,47.625009595871546],[-122.34299804551543,47.62500796982368],[-122.34256046731731,47.62500634211138],[-122.3425598333163,47.62507938623443],[-122.34255922330566,47.62514912937107],[-122.34255775433883,47.62531360920362],[-122.3429951084915,47.62531517695952],[-122.34343307349069,47.62531674392724],[-122.34343443051036,47.62515226193352],[-122.34343503066789,47.62508070709291]]]},"properties":{"pin":"2249000120","address":"615 DEXTER AVE N 98109","taxpayer":"615 DEXTER LLC","propertyType":"C","presentUse":"Warehouse","landSqft":24192,"acres":0.56,"zoning":"SM-SLU 175/85-280","isCondo":false,"kcUrl":"https://blue.kingcounty.com/Assessor/eRealProperty/Detail.aspx?ParcelNbr=2249000120","currentOwner":"615 DEXTER LLC","currentCompanyId":"auto-615-dexter-llc"}},{"type":"Feature","id":2249000150,"geometry":{"type":"Polygon","coordinates":[[[-122.34386700802642,47.62482476826224],[-122.34386564456005,47.62498930164417],[-122.34386488161094,47.62508135087255],[-122.34386427855685,47.62515388543698],[-122.34386292294838,47.62531836923434],[-122.34430088399166,47.625320115537285],[-122.34430160138412,47.625320120407615],[-122.34431728954708,47.62532018202804],[-122.34431775037966,47.62526370918132],[-122.34431863302528,47.62515569656803],[-122.34431923453685,47.62508203120326],[-122.34431997800215,47.62499107974421],[-122.34432132224308,47.62482652950045],[-122.34432266785785,47.62466198103686],[-122.34430662061504,47.62466191968867],[-122.34388053403228,47.624660282174084],[-122.34386837015394,47.624660234897334],[-122.34386700802642,47.62482476826224]]]},"properties":{"pin":"2249000150","address":"601 AURORA AVE N","taxpayer":"601 HOLDINGS LLC","propertyType":"C","presentUse":"Hotel/Motel","landSqft":26867,"acres":0.62,"zoning":"SM-UP 85 (M)","isCondo":false,"kcUrl":"https://blue.kingcounty.com/Assessor/eRealProperty/Detail.aspx?ParcelNbr=2249000150","currentOwner":"601 HOLDINGS LLC","currentCompanyId":"auto-601-holdings-llc"}},{"type":"Feature","id":2249000170,"geometry":{"type":"Polygon","coordinates":[[[-122.34431728954708,47.62532018202804],[-122.34482065552916,47.62532217806303],[-122.34482198424473,47.62515769727003],[-122.34482258998585,47.62508278227837],[-122.34482331732477,47.624993046391914],[-122.34482464354123,47.62482848016748],[-122.34482596967094,47.624663911244525],[-122.34432266785785,47.62466198103686],[-122.34432132224308,47.62482652950045],[-122.34431997800215,47.62499107974421],[-122.34431923453685,47.62508203120326],[-122.34431863302528,47.62515569656803],[-122.34431775037966,47.62526370918132],[-122.34431728954708,47.62532018202804]]]},"properties":{"pin":"2249000170","address":"601 ROY ST 98109","taxpayer":"PFHC-601 ROY LLC","propertyType":"C","presentUse":"Hotel/Motel","landSqft":29811,"acres":0.68,"zoning":"SM-UP 85 (M1)","isCondo":false,"kcUrl":"https://blue.kingcounty.com/Assessor/eRealProperty/Detail.aspx?ParcelNbr=2249000170","currentOwner":"PFHC-601 ROY LLC","currentCompanyId":"auto-pfhc-601-roy-llc"}},{"type":"Feature","id":2249000190,"geometry":{"type":"Polygon","coordinates":[[[-122.34429688800742,47.62566683424626],[-122.34429945935634,47.62550105054453],[-122.34385727797097,47.62549928825587],[-122.34384809387556,47.625665335110824],[-122.34429688800742,47.62566683424626]]]},"properties":{"pin":"2249000190","address":"703 AURORA AVE N 98109","taxpayer":"SEATTLE CITY OF SDOT","propertyType":"C","presentUse":"Vacant(Commercial)","landSqft":6599,"acres":0.15,"zoning":"SM-UP 85 (M)","isCondo":false,"kcUrl":"https://blue.kingcounty.com/Assessor/eRealProperty/Detail.aspx?ParcelNbr=2249000190","currentOwner":"SEATTLE CITY OF SDOT","currentCompanyId":"city-of-seattle"}},{"type":"Feature","id":2249000195,"geometry":{"type":"Polygon","coordinates":[[[-122.34383899008063,47.62582979578498],[-122.34429433993068,47.625831312303745],[-122.34429688800742,47.62566683424626],[-122.34384809387556,47.625665335110824],[-122.34383899008063,47.62582979578498]]]},"properties":{"pin":"2249000195","address":"708 6TH AVE N 98109","taxpayer":"T-C UPTOWM APARTMENTS LLC","propertyType":"C","presentUse":"Apartment","landSqft":6713,"acres":0.15,"zoning":"SM-UP 85 (M)","isCondo":false,"kcUrl":"https://blue.kingcounty.com/Assessor/eRealProperty/Detail.aspx?ParcelNbr=2249000195","currentOwner":"T-C UPTOWN APAPRTMENTS LLC","currentCompanyId":"auto-t-c-uptown-apaprtments-llc"}},{"type":"Feature","id":2249000200,"geometry":{"type":"Polygon","coordinates":[[[-122.34425934582387,47.625995688501575],[-122.34429178933418,47.62599579579135],[-122.34429433993068,47.625831312303745],[-122.34383899008063,47.62582979578498],[-122.34382989287917,47.625994256369516],[-122.34405657965115,47.62599501000757],[-122.34425934582387,47.625995688501575]]]},"properties":{"pin":"2249000200","address":"708 5TH AVE N 98109","taxpayer":"T-C UPTOWN APARTMENTS LLC","propertyType":"C","presentUse":"Apartment","landSqft":6827,"acres":0.16,"zoning":"SM-UP 85 (M)","isCondo":false,"kcUrl":"https://blue.kingcounty.com/Assessor/eRealProperty/Detail.aspx?ParcelNbr=2249000200","currentOwner":"T-C UPTOWN APAPRTMENTS LLC","currentCompanyId":"auto-t-c-uptown-apaprtments-llc"}},{"type":"Feature","id":2249000210,"geometry":{"type":"Polygon","coordinates":[[[-122.34481086470491,47.625997527640195],[-122.34429178933418,47.62599579579135],[-122.34425934582387,47.625995688501575],[-122.34425679776909,47.626160171952364],[-122.34428923739134,47.62616027929586],[-122.34480831839377,47.6261620111033],[-122.34481086470491,47.625997527640195]]]},"properties":{"pin":"2249000210","address":"601 VALLEY ST 98109","taxpayer":"601 VALLEY QUEEN ANNE LLC","propertyType":"C","presentUse":"Office Building","landSqft":8160,"acres":0.19,"zoning":"SM-UP 65 (M)","isCondo":false,"kcUrl":"https://blue.kingcounty.com/Assessor/eRealProperty/Detail.aspx?ParcelNbr=2249000210","currentOwner":"601 VALLEY QUEEN ANNE LLC","currentCompanyId":"auto-601-valley-queen-anne-llc"}},{"type":"Feature","id":2249000220,"geometry":{"type":"Polygon","coordinates":[[[-122.34382989287917,47.625994256369516],[-122.34382080088889,47.62615871508342],[-122.34405403095536,47.62615949345384],[-122.34425679776909,47.626160171952364],[-122.34425934582387,47.625995688501575],[-122.34405657965115,47.62599501000757],[-122.34382989287917,47.625994256369516]]]},"properties":{"pin":"2249000220","address":"721 AURORA AVE N 98109","taxpayer":"PAGLIACCI PIZZA","propertyType":"C","presentUse":"Apartment(Mixed Use)","landSqft":6461,"acres":0.15,"zoning":"SM-UP 85 (M)","isCondo":false,"kcUrl":"https://blue.kingcounty.com/Assessor/eRealProperty/Detail.aspx?ParcelNbr=2249000220","currentOwner":"AURORA LANDING L L CC/O TERRY MCTIGUE","currentCompanyId":"auto-aurora-landing-l-l-cc-o-terry-mctigue"}},{"type":"Feature","id":2249000230,"geometry":{"type":"Polygon","coordinates":[[[-122.34429178933418,47.62599579579135],[-122.34481086470491,47.625997527640195],[-122.34481340966977,47.625833044193925],[-122.34429433993068,47.625831312303745],[-122.34429178933418,47.62599579579135]]]},"properties":{"pin":"2249000230","address":"712 6TH AVE N 98109","taxpayer":"601 VALLEY QUEEN ANNE LLC","propertyType":"C","presentUse":"Parking(Assoc)","landSqft":7680,"acres":0.18,"zoning":"SM-UP 65 (M)","isCondo":false,"kcUrl":"https://blue.kingcounty.com/Assessor/eRealProperty/Detail.aspx?ParcelNbr=2249000230","currentOwner":"601 VALLEY QUEEN ANNE LLC","currentCompanyId":"auto-601-valley-queen-anne-llc"}},{"type":"Feature","id":2249000235,"geometry":{"type":"Polygon","coordinates":[[[-122.34429433993068,47.625831312303745],[-122.34481340966977,47.625833044193925],[-122.34481596398221,47.625668562421765],[-122.34429688800742,47.62566683424626],[-122.34429433993068,47.625831312303745]]]},"properties":{"pin":"2249000235","address":"708 6TH AVE N 98109","taxpayer":"T-C UPTOWN APARTMENTS LLC","propertyType":"C","presentUse":"Apartment","landSqft":7680,"acres":0.18,"zoning":"SM-UP 65 (M)","isCondo":false,"kcUrl":"https://blue.kingcounty.com/Assessor/eRealProperty/Detail.aspx?ParcelNbr=2249000235","currentOwner":"T-C UPTOWN APAPRTMENTS LLC","currentCompanyId":"auto-t-c-uptown-apaprtments-llc"}},{"type":"Feature","id":2249000240,"geometry":{"type":"Polygon","coordinates":[[[-122.34481596398221,47.625668562421765],[-122.3448185260263,47.625503110766104],[-122.34429945935634,47.62550105054453],[-122.34429688800742,47.62566683424626],[-122.34481596398221,47.625668562421765]]]},"properties":{"pin":"2249000240","address":"702 6TH AVE N 98109","taxpayer":"MB 5 LLC","propertyType":"C","presentUse":"Warehouse","landSqft":7680,"acres":0.18,"zoning":"SM-UP 65 (M)","isCondo":false,"kcUrl":"https://blue.kingcounty.com/Assessor/eRealProperty/Detail.aspx?ParcelNbr=2249000240","currentOwner":"GALBC 5 LLC","currentCompanyId":"auto-galbc-5-llc"}},{"type":"Feature","id":2249000245,"geometry":{"type":"Polygon","coordinates":[[[-122.34340892961328,47.625828060679765],[-122.34341802709942,47.62566361093695],[-122.34342720753591,47.62549766583937],[-122.3429940972324,47.625496114503854],[-122.34250341439297,47.62549435422393],[-122.34250195322362,47.625659155109055],[-122.3425004922252,47.625823641127646],[-122.34299116709603,47.62582602859512],[-122.34340892961328,47.625828060679765]]]},"properties":{"pin":"2249000245","address":"701 DEXTER AVE N 98104","taxpayer":"ARE-SEATTLE 33 LLC","propertyType":"C","presentUse":"Office Building","landSqft":27127,"acres":0.62,"zoning":"SM-SLU 175/85-280","isCondo":false,"kcUrl":"https://blue.kingcounty.com/Assessor/eRealProperty/Detail.aspx?ParcelNbr=2249000245","currentOwner":"ARE-SEATTLE NO 33 LLC","currentCompanyId":"alexandria"}},{"type":"Feature","id":2249000255,"geometry":{"type":"Polygon","coordinates":[[[-122.34298825080835,47.62615499970814],[-122.34298970771788,47.62599051731706],[-122.34299116709603,47.62582602859512],[-122.3425004922252,47.625823641127646],[-122.3424990299395,47.625988128961716],[-122.34249756756624,47.626152614097236],[-122.34298825080835,47.62615499970814]]]},"properties":{"pin":"2249000255","address":"717 DEXTER AVE N","taxpayer":"PR III IEC SOUTH LAKE UNION","propertyType":"C","presentUse":"Apartment","landSqft":14520,"acres":0.33,"zoning":"SM-SLU 175/85-280","isCondo":false,"kcUrl":"https://blue.kingcounty.com/Assessor/eRealProperty/Detail.aspx?ParcelNbr=2249000255","currentOwner":"PR/III IEC SOUTH LAKE UNION LLC","currentCompanyId":"auto-pr-iii-iec-south-lake-union-llc"}},{"type":"Feature","id":2249000265,"geometry":{"type":"Polygon","coordinates":[[[-122.34340892961328,47.625828060679765],[-122.34299116709603,47.62582602859512],[-122.34298970771788,47.62599051731706],[-122.34298825080835,47.62615499970814],[-122.34339073446843,47.62615696016097],[-122.34339983214794,47.625992513118845],[-122.34340892961328,47.625828060679765]]]},"properties":{"pin":"2249000265","address":"712 AURORA AVE N 98109","taxpayer":"701 VALLEY L L C","propertyType":"C","presentUse":"Office Building","landSqft":12152,"acres":0.28,"zoning":"SM-SLU 175/85-280","isCondo":false,"kcUrl":"https://blue.kingcounty.com/Assessor/eRealProperty/Detail.aspx?ParcelNbr=2249000265","currentOwner":"701 VALLEY L L C","currentCompanyId":"auto-701-valley-llc"}},{"type":"Feature","id":2249000285,"geometry":{"type":"Polygon","coordinates":[[[-122.34168202944078,47.626149339215225],[-122.34217315127202,47.6261512070502],[-122.34217460666358,47.62598672112545],[-122.34217607271364,47.625822235958054],[-122.342177536068,47.625657749925956],[-122.34217899993446,47.62549314423814],[-122.34168724970617,47.62549123535969],[-122.34116818510377,47.62548922380853],[-122.34116705924053,47.625630893919556],[-122.34116687823627,47.62565389303263],[-122.34116556614718,47.625818382403175],[-122.34116426192683,47.625982868070246],[-122.34116295772431,47.6261473546358],[-122.34163075877308,47.62614914151524],[-122.34168202944078,47.626149339215225]]]},"properties":{"pin":"2249000285","address":"700 DEXTER AVE N 98104","taxpayer":"BMR DEXTER LLC","propertyType":"C","presentUse":"Office Building","landSqft":61440,"acres":1.41,"zoning":"SM-SLU 175/85-280","isCondo":false,"kcUrl":"https://blue.kingcounty.com/Assessor/eRealProperty/Detail.aspx?ParcelNbr=2249000285","currentOwner":"BMR-DEXTER LLC","currentCompanyId":"auto-bmr-dexter-llc"}},{"type":"Feature","id":2249000330,"geometry":{"type":"Polygon","coordinates":[[[-122.34116530191463,47.62653117521291],[-122.34116449262552,47.62669565791859],[-122.34116368338336,47.62686014242207],[-122.34116287416221,47.6270246278241],[-122.34116273595288,47.62705204165212],[-122.34167801523907,47.62705385980194],[-122.34178587420263,47.62705423776492],[-122.34216511683628,47.62705556965085],[-122.34216535694583,47.62702815446386],[-122.34216681744674,47.62686375124],[-122.34216827911219,47.62669934260217],[-122.34216974076833,47.626534933963555],[-122.3421712063277,47.626370522573545],[-122.34178288611828,47.62636904209333],[-122.34168278256716,47.62636865763172],[-122.3411661150329,47.62636668705805],[-122.34116530191463,47.62653117521291]]]},"properties":{"pin":"2249000330","address":"810 DEXTER AVE N","taxpayer":"BPP HOLLAND JUXT LLC","propertyType":"C","presentUse":"Apartment","landSqft":62250,"acres":1.43,"zoning":"SM-SLU 175/85-280","isCondo":false,"kcUrl":"https://blue.kingcounty.com/Assessor/eRealProperty/Detail.aspx?ParcelNbr=2249000330","currentOwner":"BPP HOLLAND JUXT LLC","currentCompanyId":"auto-bpp-holland-juxt-llc"}},{"type":"Feature","id":2249000340,"geometry":{"type":"Polygon","coordinates":[[[-122.34249416154248,47.626536412961414],[-122.34249269913846,47.62670089809444],[-122.34249123682952,47.62686538682383],[-122.3424897809771,47.62702950212873],[-122.3424895422906,47.62705691460097],[-122.34298023145244,47.62705925620018],[-122.3429804711324,47.62703184101139],[-122.34298192687237,47.626867775159795],[-122.34298338356089,47.62670328377924],[-122.34298484057955,47.626538804088405],[-122.34298630405736,47.62637431801376],[-122.3424956200249,47.62637193057827],[-122.34249416154248,47.626536412961414]]]},"properties":{"pin":"2249000340","address":"801 DEXTER AVE N","taxpayer":"801 DEXTER INVESTORS L P","propertyType":"C","presentUse":"Apartment","landSqft":31936,"acres":0.73,"zoning":"SM-SLU 175/85-280","isCondo":false,"kcUrl":"https://blue.kingcounty.com/Assessor/eRealProperty/Detail.aspx?ParcelNbr=2249000340","currentOwner":"801 DEXTER INVESTORS L P","currentCompanyId":"auto-801-dexter-investors-l-p"}},{"type":"Feature","id":2249000370,"geometry":{"type":"Polygon","coordinates":[[[-122.34298023145244,47.62705925620018],[-122.34334084022339,47.62706097074948],[-122.34334235207359,47.62703356117083],[-122.34335139816515,47.626869572726335],[-122.34336047598357,47.626705120559635],[-122.34336954591983,47.62654067389296],[-122.34337861978936,47.62637622717189],[-122.34298630405736,47.62637431801376],[-122.34298484057955,47.626538804088405],[-122.34298338356089,47.62670328377924],[-122.34298192687237,47.626867775159795],[-122.3429804711324,47.62703184101139],[-122.34298023145244,47.62705925620018]]]},"properties":{"pin":"2249000370","address":"801 DEXTER AVE N 98109","taxpayer":"801 DEXTER INVESTORS LP","propertyType":"C","presentUse":"Apartment(Mixed Use)","landSqft":23218,"acres":0.53,"zoning":"SM-SLU 175/85-280","isCondo":false,"kcUrl":"https://blue.kingcounty.com/Assessor/eRealProperty/Detail.aspx?ParcelNbr=2249000370","currentOwner":"801 DEXTER INVESTORS LP","currentCompanyId":"auto-801-dexter-investors-lp"}},{"type":"Feature","id":2249000390,"geometry":{"type":"Polygon","coordinates":[[[-122.3437996135562,47.626542453210895],[-122.34428723138477,47.62654408409366],[-122.34428741451438,47.62637959605205],[-122.34380868990064,47.62637800100702],[-122.3437996135562,47.626542453210895]]]},"properties":{"pin":"2249000390","address":"801 AURORA AVE N 98109","taxpayer":"BANNER CHURCH","propertyType":"C","presentUse":"Church/Welfare/Relig Srvc","landSqft":7206,"acres":0.17,"zoning":"SM-UP 85 (M)","isCondo":false,"kcUrl":"https://blue.kingcounty.com/Assessor/eRealProperty/Detail.aspx?ParcelNbr=2249000390","currentOwner":"BANNER CHURCH","currentCompanyId":"auto-banner-church"}},{"type":"Feature","id":2249000395,"geometry":{"type":"Polygon","coordinates":[[[-122.3437996135562,47.626542453210895],[-122.34379054153673,47.62670691884934],[-122.3437814693032,47.62687137909072],[-122.34377241541642,47.62703551072883],[-122.34377090379274,47.62706292031314],[-122.34409197963659,47.62706429974917],[-122.34409201379572,47.62703688457934],[-122.34409207287385,47.62698256084274],[-122.3440920723879,47.626982131735176],[-122.34409212797104,47.62693460639797],[-122.34409212949264,47.62693415477355],[-122.34409218442454,47.62688665283479],[-122.34409218398902,47.62688617964567],[-122.34409220210966,47.62687241627104],[-122.34409223957377,47.62683870018846],[-122.34409223845921,47.62683820361847],[-122.34409229660481,47.626790170867004],[-122.34422271687745,47.62679060600318],[-122.34428695148469,47.626790820272014],[-122.34428704575016,47.626708577565445],[-122.34428723138477,47.62654408409366],[-122.3437996135562,47.626542453210895]]]},"properties":{"pin":"2249000395","address":"807 AURORA AVE N 98109","taxpayer":"BANNER CHURCH","propertyType":"C","presentUse":"Service Building","landSqft":18700,"acres":0.43,"zoning":"SM-UP 85 (M)","isCondo":false,"kcUrl":"https://blue.kingcounty.com/Assessor/eRealProperty/Detail.aspx?ParcelNbr=2249000395","currentOwner":"BANNER CHURCH","currentCompanyId":"auto-banner-church"}},{"type":"Feature","id":2249000406,"geometry":{"type":"Polygon","coordinates":[[[-122.34409197963659,47.62706429974917],[-122.34415718792778,47.62706457943828],[-122.34415721939203,47.62703716430373],[-122.34415728283497,47.62698280992147],[-122.34409207287385,47.62698256084274],[-122.34409201379572,47.62703688457934],[-122.34409197963659,47.62706429974917]]]},"properties":{"pin":"2249000406","address":"625 ALOHA ST","taxpayer":"EZ REAL PROPERTIES LLC","propertyType":"R","presentUse":"Townhouse Plat","landSqft":480,"acres":0.01,"zoning":"SM-UP 85 (M)","isCondo":false,"kcUrl":"https://blue.kingcounty.com/Assessor/eRealProperty/Detail.aspx?ParcelNbr=2249000406","currentOwner":"EZ REAL PROPERTIES LLC","currentCompanyId":"auto-ez-real-properties-llc"}},{"type":"Feature","id":2249000407,"geometry":{"type":"Polygon","coordinates":[[[-122.3440920723879,47.626982131735176],[-122.34409207287385,47.62698256084274],[-122.34415728283497,47.62698280992147],[-122.34422249678742,47.626983058909936],[-122.34428672985989,47.62698330378912],[-122.34428673073256,47.626982967323364],[-122.34428678641945,47.6269353142377],[-122.3442225510853,47.62693508108428],[-122.34409212797104,47.62693460639797],[-122.3440920723879,47.626982131735176]]]},"properties":{"pin":"2249000407","address":"621 ALOHA ST","taxpayer":"REN ZUOCHENG","propertyType":"R","presentUse":"Townhouse Plat","landSqft":840,"acres":0.02,"zoning":"SM-UP 85 (M)","isCondo":false,"kcUrl":"https://blue.kingcounty.com/Assessor/eRealProperty/Detail.aspx?ParcelNbr=2249000407","currentOwner":"REN ZUOCHENG","currentCompanyId":"auto-ren-zuocheng"}},{"type":"Feature","id":2249000408,"geometry":{"type":"Polygon","coordinates":[[[-122.34409212949264,47.62693415477355],[-122.34409212797104,47.62693460639797],[-122.3442225510853,47.62693508108428],[-122.34428678641945,47.6269353142377],[-122.34428678765782,47.62693499036165],[-122.34428684026616,47.62688732292302],[-122.34422260533087,47.626887101460014],[-122.34409218442454,47.62688665283479],[-122.34409212949264,47.62693415477355]]]},"properties":{"pin":"2249000408","address":"619 ALOHA ST","taxpayer":"HAI TRAN","propertyType":"R","presentUse":"Townhouse Plat","landSqft":840,"acres":0.02,"zoning":"SM-UP 85 (M)","isCondo":false,"kcUrl":"https://blue.kingcounty.com/Assessor/eRealProperty/Detail.aspx?ParcelNbr=2249000408","currentOwner":"TRAN HAI","currentCompanyId":"auto-tran-hai"}},{"type":"Feature","id":2249000409,"geometry":{"type":"Polygon","coordinates":[[[-122.34409220210966,47.62687241627104],[-122.34409218398902,47.62688617964567],[-122.34409218442454,47.62688665283479],[-122.34422260533087,47.626887101460014],[-122.34428684026616,47.62688732292302],[-122.34428684197471,47.62688701523367],[-122.3442868586014,47.62687306475929],[-122.34428689679937,47.62683933247219],[-122.34422265962854,47.62683912363425],[-122.34409223957377,47.62683870018846],[-122.34409220210966,47.62687241627104]]]},"properties":{"pin":"2249000409","address":"617 ALOHA ST","taxpayer":"GREESON JIM & KELSEY","propertyType":"R","presentUse":"Townhouse Plat","landSqft":840,"acres":0.02,"zoning":"SM-UP 85 (M)","isCondo":false,"kcUrl":"https://blue.kingcounty.com/Assessor/eRealProperty/Detail.aspx?ParcelNbr=2249000409","currentOwner":"CHANG KE-JUI","currentCompanyId":"auto-chang-ke-jui"}},{"type":"Feature","id":2249000410,"geometry":{"type":"Polygon","coordinates":[[[-122.34409223845921,47.62683820361847],[-122.34409223957377,47.62683870018846],[-122.34422265962854,47.62683912363425],[-122.34428689679937,47.62683933247219],[-122.34428689626537,47.626839039206416],[-122.34428695148469,47.626790820272014],[-122.34422271687745,47.62679060600318],[-122.34409229660481,47.626790170867004],[-122.34409223845921,47.62683820361847]]]},"properties":{"pin":"2249000410","address":"615 ALOHA ST","taxpayer":"KALVIN VENTURES L L C","propertyType":"R","presentUse":"Townhouse Plat","landSqft":850,"acres":0.02,"zoning":"SM-UP 85 (M)","isCondo":false,"kcUrl":"https://blue.kingcounty.com/Assessor/eRealProperty/Detail.aspx?ParcelNbr=2249000410","currentOwner":"KALVIN VENTURES L L C","currentCompanyId":"auto-kalvin-ventures-llc"}},{"type":"Feature","id":2249500115,"geometry":{"type":"Polygon","coordinates":[[[-122.34115998018581,47.627408528577796],[-122.34167504580432,47.62741070406439],[-122.34169076132987,47.62741077019055],[-122.34169075838325,47.62741066857371],[-122.34169484845283,47.62741069084047],[-122.34169652871927,47.627245829529514],[-122.34169680898384,47.6272184138148],[-122.3416923624241,47.62721839627239],[-122.34167664734782,47.62721834363543],[-122.34116146361849,47.62721652689079],[-122.3411612535747,47.627243941670294],[-122.34115998546616,47.627407884387544],[-122.34115998018581,47.627408528577796]]]},"properties":{"pin":"2249500115","address":"760 ALOHA ST 98109","taxpayer":"PACNORTHWEST HOLDINGS LLC","propertyType":"C","presentUse":"Office Building","landSqft":9220,"acres":0.21,"zoning":"SM-SLU 100/95","isCondo":false,"kcUrl":"https://blue.kingcounty.com/Assessor/eRealProperty/Detail.aspx?ParcelNbr=2249500115","currentOwner":"PACNORTHWEST HOLDINGS LLC","currentCompanyId":"auto-pacnorthwest-holdings-llc"}},{"type":"Feature","id":2467400005,"geometry":{"type":"Polygon","coordinates":[[[-122.33414432880902,47.62063770900492],[-122.33382029165057,47.620638535224195],[-122.33382083311756,47.620737303227166],[-122.3341448425703,47.62073646388568],[-122.33414432880902,47.62063770900492]]]},"properties":{"pin":"2467400005","address":"234 FAIRVIEW AVE N 98109","taxpayer":"FAIRVIEW CORNER L L C","propertyType":"C","presentUse":"Restaurant/Lounge","landSqft":2880,"acres":0.07,"zoning":"SM-SLU 175/85-280","isCondo":false,"kcUrl":"https://blue.kingcounty.com/Assessor/eRealProperty/Detail.aspx?ParcelNbr=2467400005","currentOwner":"FAIRVIEW CORNER L L C","currentCompanyId":"auto-fairview-corner-llc"}},{"type":"Feature","id":2467400006,"geometry":{"type":"Polygon","coordinates":[[[-122.33366675076313,47.620737701776925],[-122.33382083311756,47.620737303227166],[-122.33382029165057,47.620638535224195],[-122.33414432880902,47.62063770900492],[-122.33414398881737,47.62057191346649],[-122.33414313506982,47.62040736304668],[-122.33366494408597,47.62040856359492],[-122.33366584733095,47.620573129538826],[-122.33366675076313,47.620737701776925]]]},"properties":{"pin":"2467400006","address":"222 FAIRVIEW AVE N","taxpayer":"EQR CASCADE LLC","propertyType":"C","presentUse":"Apartment","landSqft":11352,"acres":0.26,"zoning":"SM-SLU 175/85-280","isCondo":false,"kcUrl":"https://blue.kingcounty.com/Assessor/eRealProperty/Detail.aspx?ParcelNbr=2467400006","currentOwner":"EQR CASCADE LLC","currentCompanyId":"equity-residential"}},{"type":"Feature","id":2467400015,"geometry":{"type":"Polygon","coordinates":[[[-122.33366494408597,47.62040856359492],[-122.33414313506982,47.62040736304668],[-122.33414227733749,47.62024281267876],[-122.33414142759104,47.62007826220494],[-122.33414056994734,47.619913714533475],[-122.33413971588416,47.61974915242051],[-122.33366133366786,47.61975029438181],[-122.33366223712335,47.61991486842182],[-122.33366314029934,47.620079432569256],[-122.33366404350691,47.620243997615255],[-122.33366494408597,47.62040856359492]]]},"properties":{"pin":"2467400015","address":"222 FAIRVIEW AVE N","taxpayer":"EQR CASCADE LLC","propertyType":"C","presentUse":"Apartment","landSqft":28320,"acres":0.65,"zoning":"SM-SLU 175/85-280","isCondo":false,"kcUrl":"https://blue.kingcounty.com/Assessor/eRealProperty/Detail.aspx?ParcelNbr=2467400015","currentOwner":"EQR CASCADE LLC","currentCompanyId":"equity-residential"}},{"type":"Feature","id":2467400035,"geometry":{"type":"Polygon","coordinates":[[[-122.33310472773522,47.620245384542926],[-122.33358297090182,47.6202442018337],[-122.33358206252662,47.62007963326014],[-122.33358115277534,47.619915062904894],[-122.3335802441523,47.619750485337306],[-122.33310185260113,47.6197516250699],[-122.33310281330223,47.61991621542921],[-122.33310377385382,47.62008080039224],[-122.33310472773522,47.620245384542926]]]},"properties":{"pin":"2467400035","address":"205 MINOR AVE N 98109","taxpayer":"EQR-CASCADE LLC","propertyType":"C","presentUse":"Parking(Assoc)","landSqft":21240,"acres":0.49,"zoning":"SM-SLU/R 65/95","isCondo":false,"kcUrl":"https://blue.kingcounty.com/Assessor/eRealProperty/Detail.aspx?ParcelNbr=2467400035","currentOwner":"SEATTLE CITY OF","currentCompanyId":"city-of-seattle"}},{"type":"Feature","id":2467400050,"geometry":{"type":"Polygon","coordinates":[[[-122.33310568829894,47.62040996950461],[-122.33358388056088,47.62040876859054],[-122.33358297090182,47.6202442018337],[-122.33310472773522,47.620245384542926],[-122.33310568829894,47.62040996950461]]]},"properties":{"pin":"2467400050","address":"221 MINOR AVE N 98109","taxpayer":"EQR-CASCADE LLC","propertyType":"C","presentUse":"Apartment","landSqft":7080,"acres":0.16,"zoning":"SM-SLU/R 65/95","isCondo":false,"kcUrl":"https://blue.kingcounty.com/Assessor/eRealProperty/Detail.aspx?ParcelNbr=2467400050","currentOwner":"SEATTLE CITY OF","currentCompanyId":"city-of-seattle"}},{"type":"Feature","id":2467400055,"geometry":{"type":"Polygon","coordinates":[[[-122.33310664886879,47.62057455446555],[-122.33358479019982,47.620573334447435],[-122.33358388056088,47.62040876859054],[-122.33310568829894,47.62040996950461],[-122.33310664886879,47.62057455446555]]]},"properties":{"pin":"2467400055","address":"229 MINOR AVE N 98109","taxpayer":"EQR-CASCADE LLC","propertyType":"C","presentUse":"Parking(Assoc)","landSqft":7080,"acres":0.16,"zoning":"SM-SLU/R 65/95","isCondo":false,"kcUrl":"https://blue.kingcounty.com/Assessor/eRealProperty/Detail.aspx?ParcelNbr=2467400055","currentOwner":"SEATTLE CITY OF","currentCompanyId":"city-of-seattle"}},{"type":"Feature","id":2467400060,"geometry":{"type":"Polygon","coordinates":[[[-122.33310664886879,47.62057455446555],[-122.33310760941872,47.62073913852661],[-122.33358569744368,47.62073790933136],[-122.33358479019982,47.620573334447435],[-122.33310664886879,47.62057455446555]]]},"properties":{"pin":"2467400060","address":"235 MINOR AVE N 98109","taxpayer":"EQR-CASCADE LLC","propertyType":"C","presentUse":"Parking(Assoc)","landSqft":7080,"acres":0.16,"zoning":"SM-SLU/R 65/95","isCondo":false,"kcUrl":"https://blue.kingcounty.com/Assessor/eRealProperty/Detail.aspx?ParcelNbr=2467400060","currentOwner":"SEATTLE CITY OF","currentCompanyId":"city-of-seattle"}},{"type":"Feature","id":2467400065,"geometry":{"type":"Polygon","coordinates":[[[-122.33366455043003,47.621889502237394],[-122.3341499990098,47.62188821336339],[-122.33414927987366,47.62172367196868],[-122.33414856473233,47.62155913052067],[-122.33366287910445,47.6215603982645],[-122.3336637179731,47.62172494616074],[-122.33366455043003,47.621889502237394]]]},"properties":{"pin":"2467400065","address":"318 FAIRVIEW AVE N 98109","taxpayer":"SEATTLE CITY OF SDOT","propertyType":"C","presentUse":"Office Building","landSqft":14400,"acres":0.33,"zoning":"SM-SLU 175/85-280","isCondo":false,"kcUrl":"https://blue.kingcounty.com/Assessor/eRealProperty/Detail.aspx?ParcelNbr=2467400065","currentOwner":"SEATTLE CITY OF SDOT","currentCompanyId":"city-of-seattle"}},{"type":"Feature","id":2467400073,"geometry":{"type":"Polygon","coordinates":[[[-122.33414856473233,47.62155913052067],[-122.3341478456053,47.621394589124606],[-122.33366203906657,47.62139585578068],[-122.33366287910445,47.6215603982645],[-122.33414856473233,47.62155913052067]]]},"properties":{"pin":"2467400073","address":"Geo Area","taxpayer":"SEATTLE CITY OF SDOT","propertyType":"C","presentUse":"Vacant(Commercial)","landSqft":7200,"acres":0.17,"zoning":"SM-SLU 175/85-280","isCondo":false,"kcUrl":"https://blue.kingcounty.com/Assessor/eRealProperty/Detail.aspx?ParcelNbr=2467400073","currentOwner":"SEATTLE CITY OF SDOT","currentCompanyId":"city-of-seattle"}},{"type":"Feature","id":2467400080,"geometry":{"type":"Polygon","coordinates":[[[-122.3341478456053,47.621394589124606],[-122.33414712515267,47.62123004774539],[-122.33414676442813,47.62114780584957],[-122.33366078571832,47.621149066704646],[-122.33366120294643,47.6212313105458],[-122.33366203906657,47.62139585578068],[-122.3341478456053,47.621394589124606]]]},"properties":{"pin":"2467400080","address":"318 FAIRVIEW AVE N","taxpayer":"SEATTLE CITY OF SDOT","propertyType":"C","presentUse":"Service Building","landSqft":10800,"acres":0.25,"zoning":"SM-SLU 175/85-280","isCondo":false,"kcUrl":"https://blue.kingcounty.com/Assessor/eRealProperty/Detail.aspx?ParcelNbr=2467400080","currentOwner":"SEATTLE CITY OF SDOT","currentCompanyId":"city-of-seattle"}},{"type":"Feature","id":2467400085,"geometry":{"type":"Polygon","coordinates":[[[-122.33366078571832,47.621149066704646],[-122.33414676442813,47.62114780584957],[-122.33414640611248,47.621065509045685],[-122.33414628847993,47.62103809324674],[-122.33366022543575,47.62103934712857],[-122.33366036667604,47.62106675991467],[-122.33366078571832,47.621149066704646]]]},"properties":{"pin":"2467400085","address":"306 FAIRVIEW AVE N 98109","taxpayer":"AMUNDSON RON","propertyType":"C","presentUse":"Retail Store","landSqft":4800,"acres":0.11,"zoning":"SM-SLU 175/85-280","isCondo":false,"kcUrl":"https://blue.kingcounty.com/Assessor/eRealProperty/Detail.aspx?ParcelNbr=2467400085","currentOwner":"AMUNDSON RON+EDEL","currentCompanyId":"auto-amundson-ron-edel"}},{"type":"Feature","id":2467400090,"geometry":{"type":"Polygon","coordinates":[[[-122.33414628847993,47.62103809324674],[-122.33414569060022,47.620900954105984],[-122.33365953174099,47.62090220926529],[-122.33366022543575,47.62103934712857],[-122.33414628847993,47.62103809324674]]]},"properties":{"pin":"2467400090","address":"300 FAIRVIEW AVE N 98109","taxpayer":"AMUNDSON RON E+EDEL","propertyType":"C","presentUse":"Retail Store","landSqft":6000,"acres":0.14,"zoning":"SM-SLU 175/85-280","isCondo":false,"kcUrl":"https://blue.kingcounty.com/Assessor/eRealProperty/Detail.aspx?ParcelNbr=2467400090","currentOwner":"AMUNDSON RON E+EDEL","currentCompanyId":"auto-amundson-ron-e-edel"}},{"type":"Feature","id":2467400101,"geometry":{"type":"Polygon","coordinates":[[[-122.33339724596786,47.62172564554295],[-122.33359085908242,47.62172513293718],[-122.33359000729871,47.62156059061134],[-122.33358915153009,47.621396048337395],[-122.33358829952378,47.62123149791679],[-122.33358744767845,47.6210669528911],[-122.33358659537177,47.62090239167787],[-122.33347305797518,47.620902687298546],[-122.33310854719768,47.62090362482988],[-122.33310903087698,47.62098594245381],[-122.33310952038656,47.62106818533333],[-122.33311000247959,47.62115049398181],[-122.33311048800198,47.62123273691357],[-122.33311145961385,47.62139728844056],[-122.33311242716374,47.62156183732158],[-122.3331134001957,47.621726391527496],[-122.33339724596786,47.62172564554295]]]},"properties":{"pin":"2467400101","address":"301 MINOR AVE N 98109","taxpayer":"EQR RETAX","propertyType":"C","presentUse":"Apartment(Mixed Use)","landSqft":35400,"acres":0.81,"zoning":"SM-SLU/R 65/95","isCondo":false,"kcUrl":"https://blue.kingcounty.com/Assessor/eRealProperty/Detail.aspx?ParcelNbr=2467400101","currentOwner":"EQR-ALCYONE APARTMENTS LLC","currentCompanyId":"equity-residential"}},{"type":"Feature","id":2467400115,"geometry":{"type":"Polygon","coordinates":[[[-122.33339821849582,47.6218901970654],[-122.33339724596786,47.62172564554295],[-122.3331134001957,47.621726391527496],[-122.33311437174818,47.62189094035456],[-122.33339821849582,47.6218901970654]]]},"properties":{"pin":"2467400115","address":"1175 HARRISON ST 98109","taxpayer":"GAVIGLIO JAMES L SR","propertyType":"C","presentUse":"Industrial(Light)","landSqft":4200,"acres":0.1,"zoning":"SM-SLU/R 65/95","isCondo":false,"kcUrl":"https://blue.kingcounty.com/Assessor/eRealProperty/Detail.aspx?ParcelNbr=2467400115","currentOwner":"GAVGLIO JOSEPHINE LUCILLE","currentCompanyId":"auto-gavglio-josephine-lucille"}},{"type":"Feature","id":2467400116,"geometry":{"type":"Polygon","coordinates":[[[-122.33339821849582,47.6218901970654],[-122.33359981808383,47.621889667351034],[-122.33359896994821,47.62172511418217],[-122.33359085908242,47.62172513293718],[-122.33339724596786,47.62172564554295],[-122.33339821849582,47.6218901970654]]]},"properties":{"pin":"2467400116","address":"1165 HARRISON ST 98109","taxpayer":"MUNRO FAMILY TRUST","propertyType":"C","presentUse":"Restaurant(Fast Food)","landSqft":3000,"acres":0.07,"zoning":"SM-SLU/R 65/95","isCondo":false,"kcUrl":"https://blue.kingcounty.com/Assessor/eRealProperty/Detail.aspx?ParcelNbr=2467400116","currentOwner":"MUNRO FAMILY TRUST","currentCompanyId":"auto-munro-family-trust"}},{"type":"Feature","id":2467400120,"geometry":{"type":"Polygon","coordinates":[[[-122.33367953231314,47.623040969109745],[-122.33409430619564,47.62303990245811],[-122.33415675450398,47.62299395736885],[-122.33415656125513,47.62295746372562],[-122.33415527917337,47.6227107298883],[-122.33415441465513,47.62254622369927],[-122.33415355809716,47.62238171650502],[-122.33415270157057,47.622217210209364],[-122.33415184090336,47.622052698570066],[-122.33367407701058,47.622053960795895],[-122.33367498655602,47.62221846637692],[-122.33367589592561,47.62238296566239],[-122.33367680532693,47.62254746584645],[-122.33367771332611,47.62271196334956],[-122.33367907553384,47.6229586934073],[-122.33367953231314,47.623040969109745]]]},"properties":{"pin":"2467400120","address":"400 FAIRVIEW AVE N","taxpayer":"400 FAIRVIEW AVENUE LLC","propertyType":"C","presentUse":"Office Building","landSqft":42351,"acres":0.97,"zoning":"SM-SLU 175/85-280","isCondo":false,"kcUrl":"https://blue.kingcounty.com/Assessor/eRealProperty/Detail.aspx?ParcelNbr=2467400120","currentOwner":"400 FAIRVIEW AVE LLC","currentCompanyId":"auto-400-fairview-ave-llc"}},{"type":"Feature","id":2467400150,"geometry":{"type":"Polygon","coordinates":[[[-122.33311723916016,47.6223844237262],[-122.33360301370885,47.62238315993884],[-122.33360209778938,47.62221865624408],[-122.33360118307615,47.622054148034806],[-122.333479536421,47.62205446865939],[-122.33335788582586,47.62205479100506],[-122.33311531363742,47.62205542929824],[-122.33311627190882,47.62221993241916],[-122.33311723916016,47.6223844237262]]]},"properties":{"pin":"2467400150","address":"1170 HARRISON ST 98109","taxpayer":"LIHI","propertyType":"C","presentUse":"Apartment","landSqft":14400,"acres":0.33,"zoning":"SM-SLU/R 65/95","isCondo":false,"kcUrl":"https://blue.kingcounty.com/Assessor/eRealProperty/Detail.aspx?ParcelNbr=2467400150","currentOwner":"LAKEVIEW APARTMENTS LPS % LIHI","currentCompanyId":"lihi"}},{"type":"Feature","id":2467400155,"geometry":{"type":"Polygon","coordinates":[[[-122.33311820109704,47.622548915102676],[-122.3336039253066,47.622547651994985],[-122.33360347068152,47.62246540055388],[-122.33311771938502,47.622466666725494],[-122.33311820109704,47.622548915102676]]]},"properties":{"pin":"2467400155","address":"417 MINOR AVE N 98109","taxpayer":"SEA RENTALS LLC","propertyType":"C","presentUse":"Apartment(Mixed Use)","landSqft":3593,"acres":0.08,"zoning":"SM-SLU/R 65/95","isCondo":false,"kcUrl":"https://blue.kingcounty.com/Assessor/eRealProperty/Detail.aspx?ParcelNbr=2467400155","currentOwner":"SEA RENTALS LLC","currentCompanyId":"auto-sea-rentals-llc"}},{"type":"Feature","id":2467400156,"geometry":{"type":"Polygon","coordinates":[[[-122.33311771938502,47.622466666725494],[-122.33360347068152,47.62246540055388],[-122.33360301370885,47.62238315993884],[-122.33311723916016,47.6223844237262],[-122.33311771938502,47.622466666725494]]]},"properties":{"pin":"2467400156","address":"413 MINOR AVE N 98109","taxpayer":"SHINER PROPERTIES LLC","propertyType":"C","presentUse":"Single Family(C/I Zone)","landSqft":3600,"acres":0.08,"zoning":"SM-SLU/R 65/95","isCondo":false,"kcUrl":"https://blue.kingcounty.com/Assessor/eRealProperty/Detail.aspx?ParcelNbr=2467400156","currentOwner":"SHINER PROPERTIES LLC","currentCompanyId":"auto-shiner-properties-llc"}},{"type":"Feature","id":2467400167,"geometry":{"type":"Polygon","coordinates":[[[-122.33311820109704,47.622548915102676],[-122.3331191670304,47.62271340642585],[-122.33312020869297,47.62289160137318],[-122.33312061038808,47.62296013538606],[-122.33312109617745,47.6230423864074],[-122.33360667546619,47.62304115224664],[-122.33360621621961,47.62295887927678],[-122.33360583375914,47.6228903423048],[-122.33360483573557,47.622712149463574],[-122.3336039253066,47.622547651994985],[-122.33311820109704,47.622548915102676]]]},"properties":{"pin":"2467400167","address":"1167 REPUBLICAN ST 98109","taxpayer":"CASA PACIFICA APTS","propertyType":"C","presentUse":"Apartment(Subsidized)","landSqft":21600,"acres":0.5,"zoning":"SM-SLU/R 65/95","isCondo":false,"kcUrl":"https://blue.kingcounty.com/Assessor/eRealProperty/Detail.aspx?ParcelNbr=2467400167","currentOwner":"400 FAIRVIEW LLC","currentCompanyId":"auto-400-fairview-llc"}},{"type":"Feature","id":2467400181,"geometry":{"type":"Polygon","coordinates":[[[-122.33239965003206,47.62446218840579],[-122.33239998182738,47.6245170160083],[-122.33240103356115,47.624571844923956],[-122.33265207728194,47.62457118397533],[-122.33285390305139,47.62451582166048],[-122.33288654210247,47.62450686876497],[-122.33300799381954,47.62447355471226],[-122.33300775043448,47.62443317093686],[-122.33300724908253,47.62435092822174],[-122.332885601044,47.624351248158945],[-122.33239898096724,47.624352527874976],[-122.33239965003206,47.62446218840579]]]},"properties":{"pin":"2467400181","address":"1200 MERCER ST 98109","taxpayer":"OLYMPIC MULTIFMAILY MGMT","propertyType":"C","presentUse":"Apartment","landSqft":12751,"acres":0.29,"zoning":"SM-SLU 100/95","isCondo":false,"kcUrl":"https://blue.kingcounty.com/Assessor/eRealProperty/Detail.aspx?ParcelNbr=2467400181","currentOwner":"MERCER VIEW APARTMENTS LLC","currentCompanyId":"auto-mercer-view-apartments-llc"}},{"type":"Feature","id":2467400190,"geometry":{"type":"Polygon","coordinates":[[[-122.33233510004398,47.62451718772545],[-122.33233409938894,47.6243526995916],[-122.33184764571216,47.624353980156535],[-122.33184863943083,47.624518465666945],[-122.33233510004398,47.62451718772545]]]},"properties":{"pin":"2467400190","address":"603 PONTIUS AVE N 98109","taxpayer":"PONTIUS & MERCER LLC","propertyType":"C","presentUse":"Apartment","landSqft":7200,"acres":0.17,"zoning":"SM-SLU 100/95","isCondo":false,"kcUrl":"https://blue.kingcounty.com/Assessor/eRealProperty/Detail.aspx?ParcelNbr=2467400190","currentOwner":"PONTIUS & MERCER LLC","currentCompanyId":"auto-pontius-mercer-llc"}},{"type":"Feature","id":2467400195,"geometry":{"type":"Polygon","coordinates":[[[-122.33184863943083,47.624518465666945],[-122.33184963221107,47.62468231786549],[-122.33198750552175,47.62468244122207],[-122.33233579291392,47.62463118854667],[-122.33233510004398,47.62451718772545],[-122.33184863943083,47.624518465666945]]]},"properties":{"pin":"2467400195","address":"611 PONTIUS AVE N 98109","taxpayer":"SWANSON CRAIG M JR","propertyType":"C","presentUse":"Industrial(Gen Purpose)","landSqft":6720,"acres":0.15,"zoning":"SM-SLU 100/95","isCondo":false,"kcUrl":"https://blue.kingcounty.com/Assessor/eRealProperty/Detail.aspx?ParcelNbr=2467400195","currentOwner":"PONTIUS & MERCER LLC","currentCompanyId":"auto-pontius-mercer-llc"}},{"type":"Feature","id":2467400210,"geometry":{"type":"Polygon","coordinates":[[[-122.33240616989544,47.62418802183584],[-122.33262102416917,47.62418745613683],[-122.33262106274408,47.624187455628714],[-122.3326200753641,47.62402276669679],[-122.33261908671207,47.623858079580174],[-122.33261810072655,47.623693392427846],[-122.33240318905065,47.62369397329793],[-122.3324041822332,47.62385865674996],[-122.33240517664854,47.62402333658667],[-122.33240616989544,47.62418802183584]]]},"properties":{"pin":"2467400210","address":"Geo Area","taxpayer":"RIVET URBAN HOMES LLC+RIVET","propertyType":"C","presentUse":"Apartment(Mixed Use)","landSqft":9540,"acres":0.22,"zoning":"SM-SLU/R 65/95","isCondo":false,"kcUrl":"https://blue.kingcounty.com/Assessor/eRealProperty/Detail.aspx?ParcelNbr=2467400210","currentOwner":"RIVET URBAN HOMES LLC+RIVET URBAN HOMES II LLC","currentCompanyId":"auto-rivet-urban-homes-llc-rivet-urban-homes-ii-llc"}},{"type":"Feature","id":2467400211,"geometry":{"type":"Polygon","coordinates":[[[-122.33262106274408,47.624187455628714],[-122.33288460663272,47.62418675992403],[-122.33288362765188,47.62402206817391],[-122.33288264719157,47.62385737104501],[-122.33288166824909,47.623692680192754],[-122.33261810072655,47.623693392427846],[-122.33261908671207,47.623858079580174],[-122.3326200753641,47.62402276669679],[-122.33262106274408,47.624187455628714]]]},"properties":{"pin":"2467400211","address":"1201 MERCER ST","taxpayer":"RIVET URBAN HOMES LLC+RIVET","propertyType":"C","presentUse":"Apartment(Mixed Use)","landSqft":11700,"acres":0.27,"zoning":"SM-SLU/R 65/95","isCondo":false,"kcUrl":"https://blue.kingcounty.com/Assessor/eRealProperty/Detail.aspx?ParcelNbr=2467400211","currentOwner":"RIVET URBAN HOMES LLC+RIVET URBAN HOMES II LLC","currentCompanyId":"auto-rivet-urban-homes-llc-rivet-urban-homes-ii-llc"}},{"type":"Feature","id":2467400230,"geometry":{"type":"Polygon","coordinates":[[[-122.33261810072655,47.623693392427846],[-122.33288166824909,47.623692680192754],[-122.3328811789972,47.62361043461992],[-122.33288068920909,47.62352798574264],[-122.33287970887109,47.62336329220869],[-122.33263640634522,47.6233639633126],[-122.33251475301992,47.623364296447626],[-122.33239309578042,47.62336463220301],[-122.3323940901512,47.623529312041924],[-122.33239458292539,47.62361175277531],[-122.33239507931128,47.62369399554731],[-122.33240318905065,47.62369397329793],[-122.33261810072655,47.623693392427846]]]},"properties":{"pin":"2467400230","address":"510 MINOR AVE N 98109","taxpayer":"DOWNTOWN EMBERGENCY","propertyType":"C","presentUse":"Apartment","landSqft":14400,"acres":0.33,"zoning":"SM-SLU/R 65/95","isCondo":false,"kcUrl":"https://blue.kingcounty.com/Assessor/eRealProperty/Detail.aspx?ParcelNbr=2467400230","currentOwner":"DOWNTOWN EMERGENCY SERVICE CENTER","currentCompanyId":"auto-downtown-emergency-service-center"}},{"type":"Feature","id":2467400235,"geometry":{"type":"Polygon","coordinates":[[[-122.33287970887109,47.62336329220869],[-122.33287873360064,47.623198589611256],[-122.33263542801002,47.62319926616125],[-122.33263640634522,47.6233639633126],[-122.33287970887109,47.62336329220869]]]},"properties":{"pin":"2467400235","address":"502 MINOR AVE N 98109","taxpayer":"502 MINOR LLC","propertyType":"C","presentUse":"Apartment","landSqft":3600,"acres":0.08,"zoning":"SM-SLU/R 65/95","isCondo":false,"kcUrl":"https://blue.kingcounty.com/Assessor/eRealProperty/Detail.aspx?ParcelNbr=2467400235","currentOwner":"502 MINOR LLC","currentCompanyId":"auto-502-minor-llc"}},{"type":"Feature","id":2467400236,"geometry":{"type":"Polygon","coordinates":[[[-122.33239309578042,47.62336463220301],[-122.33251475301992,47.623364296447626],[-122.33251377921576,47.62319960463823],[-122.33239210115677,47.623199943370714],[-122.33239309578042,47.62336463220301]]]},"properties":{"pin":"2467400236","address":"1206 REPUBLICAN ST","taxpayer":"REINES CATHERINE","propertyType":"C","presentUse":"Apartment","landSqft":1800,"acres":0.04,"zoning":"SM-SLU/R 65/95","isCondo":false,"kcUrl":"https://blue.kingcounty.com/Assessor/eRealProperty/Detail.aspx?ParcelNbr=2467400236","currentOwner":"AMSTAR KOZ SLU LLC","currentCompanyId":"auto-amstar-koz-slu-llc"}},{"type":"Feature","id":2467400237,"geometry":{"type":"Polygon","coordinates":[[[-122.33251475301992,47.623364296447626],[-122.33263640634522,47.6233639633126],[-122.33263542801002,47.62319926616125],[-122.33251377921576,47.62319960463823],[-122.33251475301992,47.623364296447626]]]},"properties":{"pin":"2467400237","address":"1206 REPUBLICAN ST 98109","taxpayer":"REINES CATHERINE","propertyType":"C","presentUse":"Vacant(Commercial)","landSqft":1800,"acres":0.04,"zoning":"SM-SLU/R 65/95","isCondo":false,"kcUrl":"https://blue.kingcounty.com/Assessor/eRealProperty/Detail.aspx?ParcelNbr=2467400237","currentOwner":"AMSTAR KOZ SLU LLC","currentCompanyId":"auto-amstar-koz-slu-llc"}},{"type":"Feature","id":2467400240,"geometry":{"type":"Polygon","coordinates":[[[-122.33184159049911,47.623366147106175],[-122.33184260276575,47.62353081589604],[-122.33184361373449,47.62369548560195],[-122.33184461404242,47.623860154548],[-122.33184562233775,47.62402482338824],[-122.33184663862042,47.62418949212274],[-122.3323250767668,47.62418823434368],[-122.33232407853359,47.624023551861704],[-122.33232308570516,47.623858872006764],[-122.33232208753644,47.623694191321896],[-122.33232150194907,47.62359688849826],[-122.33232109479825,47.6235295141633],[-122.33232010047712,47.62336482802891],[-122.33231910235328,47.62320014824116],[-122.33184058222939,47.62320147826308],[-122.33184159049911,47.623366147106175]]]},"properties":{"pin":"2467400240","address":"535 PONTIUS AVE N","taxpayer":"AMLI RESIDENTIAL PROP LP","propertyType":"C","presentUse":"Apartment(Mixed Use)","landSqft":42480,"acres":0.98,"zoning":"SM-SLU/R 65/95","isCondo":false,"kcUrl":"https://blue.kingcounty.com/Assessor/eRealProperty/Detail.aspx?ParcelNbr=2467400240","currentOwner":"PPF AMLI 535 PONTIUS AVENUE NORTH LLC","currentCompanyId":"amli"}},{"type":"Feature","id":2467400267,"geometry":{"type":"Polygon","coordinates":[[[-122.33239011631682,47.622870948879005],[-122.33239110180659,47.62303545971054],[-122.33287774322352,47.62303410131886],[-122.3328767798782,47.6228695811834],[-122.33287665040467,47.622847686440835],[-122.3323899870999,47.622849055934395],[-122.33239011631682,47.622870948879005]]]},"properties":{"pin":"2467400267","address":"430 MINOR AVE N","taxpayer":"C/O LIHI","propertyType":"C","presentUse":"Apartment","landSqft":8163,"acres":0.19,"zoning":"SM-SLU/R 65/95","isCondo":false,"kcUrl":"https://blue.kingcounty.com/Assessor/eRealProperty/Detail.aspx?ParcelNbr=2467400267","currentOwner":"CASCADE SENIOR HOUSING LIMITED PARTNERSHIP % LOW INCOME HOUSING INSTITUTE","currentCompanyId":"lihi"}},{"type":"Feature","id":2467400270,"geometry":{"type":"Polygon","coordinates":[[[-122.3323899870999,47.622849055934395],[-122.33287665040467,47.622847686440835],[-122.33287581653903,47.622705061047206],[-122.33287485448419,47.622540539094345],[-122.33239625634951,47.622541908544456],[-122.33238814548551,47.622541931710124],[-122.3323891322152,47.62270643982776],[-122.3323899870999,47.622849055934395]]]},"properties":{"pin":"2467400270","address":"424 MINOR AVE N","taxpayer":"DESC CASCADE SUPPORTIVE HOU","propertyType":"C","presentUse":"Apartment(Mixed Use)","landSqft":13463,"acres":0.31,"zoning":"SM-SLU/R 65/95","isCondo":false,"kcUrl":"https://blue.kingcounty.com/Assessor/eRealProperty/Detail.aspx?ParcelNbr=2467400270","currentOwner":"DESC CASCADE SUPPORTIVE HOUSING LP","currentCompanyId":"auto-desc-cascade-supportive-housing-lp"}},{"type":"Feature","id":2467400285,"geometry":{"type":"Polygon","coordinates":[[[-122.33239625634951,47.622541908544456],[-122.33287485448419,47.622540539094345],[-122.33287389248734,47.622376018939285],[-122.33287292916644,47.62221149880098],[-122.33239428408399,47.622212888692616],[-122.33239527085279,47.62237739771087],[-122.33239625634951,47.622541908544456]]]},"properties":{"pin":"2467400285","address":"1212 HARRISON ST 98109","taxpayer":"IRP CHROMA APTS LLC","propertyType":"C","presentUse":"Apartment","landSqft":14160,"acres":0.33,"zoning":"SM-SLU/R 65/95","isCondo":false,"kcUrl":"https://blue.kingcounty.com/Assessor/eRealProperty/Detail.aspx?ParcelNbr=2467400285","currentOwner":"CP VIII HARRISON SLU LLC","currentCompanyId":"auto-cp-viii-harrison-slu-llc"}},{"type":"Feature","id":2467400300,"geometry":{"type":"Polygon","coordinates":[[[-122.33239428408399,47.622212888692616],[-122.33287292916644,47.62221149880098],[-122.33287196579975,47.62204697686356],[-122.33239329865155,47.622048379656206],[-122.33239428408399,47.622212888692616]]]},"properties":{"pin":"2467400300","address":"1212 HARRISON ST 98109","taxpayer":"IRP CHROMA APTS LLC","propertyType":"C","presentUse":"Apartment","landSqft":7080,"acres":0.16,"zoning":"SM-SLU/R 65/95","isCondo":false,"kcUrl":"https://blue.kingcounty.com/Assessor/eRealProperty/Detail.aspx?ParcelNbr=2467400300","currentOwner":"CP VIII HARRISON SLU LLC","currentCompanyId":"auto-cp-viii-harrison-slu-llc"}},{"type":"Feature","id":2467400305,"geometry":{"type":"Polygon","coordinates":[[[-122.33183510611984,47.62231046859876],[-122.33231373516013,47.62230909297665],[-122.33231316004667,47.62221312233065],[-122.3323121709322,47.622048615144585],[-122.33183350503215,47.62205001376716],[-122.3318345176205,47.62221451073269],[-122.33183510611984,47.62231046859876]]]},"properties":{"pin":"2467400305","address":"1232 HARRISON ST","taxpayer":"IRP CHROMA APTS LLC","propertyType":"C","presentUse":"Apartment","landSqft":11210,"acres":0.26,"zoning":"SM-SLU/R 65/95","isCondo":false,"kcUrl":"https://blue.kingcounty.com/Assessor/eRealProperty/Detail.aspx?ParcelNbr=2467400305","currentOwner":"CP VIII HARRISON SLU LLC","currentCompanyId":"auto-cp-viii-harrison-slu-llc"}},{"type":"Feature","id":2467400311,"geometry":{"type":"Polygon","coordinates":[[[-122.3318355275291,47.62237900683332],[-122.3323141465071,47.62237762955104],[-122.33231373516013,47.62230909297665],[-122.33183510611984,47.62231046859876],[-122.3318355275291,47.62237900683332]]]},"properties":{"pin":"2467400311","address":"1232 HARRISON ST 98109","taxpayer":"IRP CHROMA APTS LLC","propertyType":"C","presentUse":"Apartment","landSqft":2950,"acres":0.07,"zoning":"SM-SLU/R 65/95","isCondo":false,"kcUrl":"https://blue.kingcounty.com/Assessor/eRealProperty/Detail.aspx?ParcelNbr=2467400311","currentOwner":"CP VIII HARRISON SLU LLC","currentCompanyId":"auto-cp-viii-harrison-slu-llc"}},{"type":"Feature","id":2467400315,"geometry":{"type":"Polygon","coordinates":[[[-122.3318355275291,47.62237900683332],[-122.33183654005249,47.62254350109963],[-122.33183755132993,47.622707998080585],[-122.33183856253602,47.62287249236306],[-122.33183957380027,47.62303698844335],[-122.3323262100549,47.6230356369759],[-122.33232522354383,47.62287112975836],[-122.33232423435281,47.62270662167593],[-122.33232324519395,47.62254211449201],[-122.3323222573456,47.622377606390664],[-122.3323141465071,47.62237762955104],[-122.3318355275291,47.62237900683332]]]},"properties":{"pin":"2467400315","address":"425 PONTIUS AVE N 98109","taxpayer":"425 PONTIUS OWNER LLC","propertyType":"C","presentUse":"Office Building","landSqft":28800,"acres":0.66,"zoning":"SM-SLU/R 65/95","isCondo":false,"kcUrl":"https://blue.kingcounty.com/Assessor/eRealProperty/Detail.aspx?ParcelNbr=2467400315","currentOwner":"425 PONTIUS OWNER LLC","currentCompanyId":"auto-425-pontius-owner-llc"}},{"type":"Feature","id":2467400335,"geometry":{"type":"MultiPolygon","coordinates":[[[[-122.3318292206394,47.6213927216781],[-122.33183030274614,47.621557277104834],[-122.3318313848857,47.62172183343013],[-122.33183246168576,47.62188638892556],[-122.33231930872125,47.62188843148846],[-122.33238422412495,47.62188870909803],[-122.3328710712038,47.62189074930099],[-122.33287009341144,47.62172498789317],[-122.33286911565125,47.62155922738383],[-122.3328681379751,47.62139346957161],[-122.33286716421765,47.62122770900835],[-122.3328661864502,47.62106194759768],[-122.33286520871489,47.62089618708555],[-122.3323780679646,47.62089753157317],[-122.33237909174525,47.621062727408585],[-122.33238012082693,47.62122792227402],[-122.33238039211368,47.62127178536172],[-122.33234796320808,47.62127180136854],[-122.332315457157,47.621271818382176],[-122.33182843330253,47.6212720290245],[-122.3318292206394,47.6213927216781]]],[[[-122.33182651709052,47.62098136862052],[-122.3318270578541,47.62106361350287],[-122.33182813979181,47.621228163535385],[-122.33225414138218,47.621227977523034],[-122.33226466830338,47.621227350393625],[-122.33227487537194,47.62122550490925],[-122.33228445793542,47.62122248916323],[-122.33229312069524,47.621218398804885],[-122.33230060788463,47.62121336224853],[-122.33230668924196,47.62120751566896],[-122.33231118668182,47.621201051229086],[-122.3323139579281,47.62119415702181],[-122.33231492517095,47.621187041881356],[-122.33231492568916,47.62118692132714],[-122.33231492221705,47.62118680082546],[-122.33231492273524,47.621186680271244],[-122.33231414842986,47.621062830711246],[-122.33231363623601,47.62098058814362],[-122.33231311370517,47.62089770968951],[-122.33215092105942,47.620898157224275],[-122.33201655149229,47.62089852782408],[-122.33182597569012,47.620899055376285],[-122.33182651709052,47.62098136862052]]]]},"properties":{"pin":"2467400335","address":"301 PONTIUS AVE N 98109","taxpayer":"SEATTLE CITY OF DPR","propertyType":"C","presentUse":"Park, Public(Zoo/Arbor)","landSqft":88009,"acres":2.02,"zoning":"SM-SLU/R 65/95","isCondo":false,"kcUrl":"https://blue.kingcounty.com/Assessor/eRealProperty/Detail.aspx?ParcelNbr=2467400335","currentOwner":"SEATTLE CITY OF DPR","currentCompanyId":"city-of-seattle"}},{"type":"Feature","id":2467400400,"geometry":{"type":"Polygon","coordinates":[[[-122.33237707944728,47.620733051360205],[-122.3328642677151,47.62073170083286],[-122.33286331348047,47.62056717067312],[-122.33237608912238,47.62056850819796],[-122.33237707944728,47.620733051360205]]]},"properties":{"pin":"2467400400","address":"1209 THOMAS ST 98109","taxpayer":"COMPASS-CASCADE","propertyType":"C","presentUse":"Apartment","landSqft":7200,"acres":0.17,"zoning":"SM-SLU/R 65/95","isCondo":false,"kcUrl":"https://blue.kingcounty.com/Assessor/eRealProperty/Detail.aspx?ParcelNbr=2467400400","currentOwner":"COMPASS CASCADE LLC","currentCompanyId":"auto-compass-cascade-llc"}},{"type":"Feature","id":2467400405,"geometry":{"type":"Polygon","coordinates":[[[-122.33237608912238,47.62056850819796],[-122.33286331348047,47.62056717067312],[-122.33286235544313,47.62040264686017],[-122.33237510028933,47.620403970413086],[-122.33237608912238,47.62056850819796]]]},"properties":{"pin":"2467400405","address":"224 MINOR AVE N 98109","taxpayer":"CASCADE SHELTER PROJECT","propertyType":"C","presentUse":"4-Plex","landSqft":7200,"acres":0.17,"zoning":"SM-SLU/R 65/95","isCondo":false,"kcUrl":"https://blue.kingcounty.com/Assessor/eRealProperty/Detail.aspx?ParcelNbr=2467400405","currentOwner":"CASCADE SHELTER PROJECT","currentCompanyId":"auto-cascade-shelter-project"}},{"type":"Feature","id":2467400410,"geometry":{"type":"Polygon","coordinates":[[[-122.33286235544313,47.62040264686017],[-122.33286155815411,47.62026553467197],[-122.33237427606784,47.620266848697476],[-122.33237510028933,47.620403970413086],[-122.33286235544313,47.62040264686017]]]},"properties":{"pin":"2467400410","address":"222 MINOR AVE N 98109","taxpayer":"CAMERON PRODUCTIONS & PROPE","propertyType":"C","presentUse":"Office Building","landSqft":6000,"acres":0.14,"zoning":"SM-SLU/R 65/95","isCondo":false,"kcUrl":"https://blue.kingcounty.com/Assessor/eRealProperty/Detail.aspx?ParcelNbr=2467400410","currentOwner":"CAMERON PRODUCTIONS & PROPERTY LLC","currentCompanyId":"auto-cameron-productions-property-llc"}},{"type":"Feature","id":2467400411,"geometry":{"type":"Polygon","coordinates":[[[-122.33237427606784,47.620266848697476],[-122.33286155815411,47.62026553467197],[-122.33286139738587,47.62023812214725],[-122.33286043925698,47.62007359473587],[-122.33238197292192,47.620074871828045],[-122.33237312133772,47.62007489575811],[-122.33237411015833,47.62023943354433],[-122.33237427606784,47.620266848697476]]]},"properties":{"pin":"2467400411","address":"214 MINOR AVE","taxpayer":"HAGGARD CHILDCARE CHILDCARE","propertyType":"C","presentUse":"Daycare Center","landSqft":8400,"acres":0.19,"zoning":"SM-SLU/R 65/95","isCondo":false,"kcUrl":"https://blue.kingcounty.com/Assessor/eRealProperty/Detail.aspx?ParcelNbr=2467400411","currentOwner":"HAGGARD CHILDCARE SERVICES LLC","currentCompanyId":"auto-haggard-childcare-services-llc"}},{"type":"Feature","id":2467400420,"geometry":{"type":"Polygon","coordinates":[[[-122.33238197292192,47.620074871828045],[-122.33286043925698,47.62007359473587],[-122.3328594838201,47.61990906818805],[-122.3328585255478,47.619744535379674],[-122.33237998603686,47.619745799973416],[-122.33238098016716,47.61991033679157],[-122.33238197292192,47.620074871828045]]]},"properties":{"pin":"2467400420","address":"210 MINOR AVE N 98109","taxpayer":"CITY INVESTORS XVII","propertyType":"C","presentUse":"Parking(Assoc)","landSqft":14160,"acres":0.33,"zoning":"SM-SLU/R 65/95","isCondo":false,"kcUrl":"https://blue.kingcounty.com/Assessor/eRealProperty/Detail.aspx?ParcelNbr=2467400420","currentOwner":"SEATTLE CITY OF","currentCompanyId":"city-of-seattle"}},{"type":"Feature","id":2467400430,"geometry":{"type":"Polygon","coordinates":[[[-122.33182081821091,47.620076372050434],[-122.33230002823476,47.62007509292012],[-122.33229903566142,47.61991055518514],[-122.33229804160881,47.61974601207141],[-122.33198816063414,47.619746838312125],[-122.3319692123636,47.619747677969116],[-122.33195052849631,47.61974993642061],[-122.33193232773868,47.61975358469831],[-122.33191483779704,47.619758582920134],[-122.33189827767221,47.61976486612977],[-122.33188286329074,47.61977235501786],[-122.3318687743055,47.619780958158096],[-122.33185618724323,47.619790567972636],[-122.33184525967376,47.619801065438246],[-122.33183613023547,47.61981232098578],[-122.33182891193353,47.61982419278896],[-122.3318236910426,47.61983653487541],[-122.33182053628808,47.61984919250763],[-122.33181948173612,47.619862008705674],[-122.3318197883481,47.61991182672577],[-122.33182081821091,47.620076372050434]]]},"properties":{"pin":"2467400430","address":"207 PONTIUS AVE N 98109","taxpayer":"SEATTLE CANCER CARE ALLIANC","propertyType":"C","presentUse":"Hotel/Motel","landSqft":13810,"acres":0.32,"zoning":"SM-SLU/R 65/95","isCondo":false,"kcUrl":"https://blue.kingcounty.com/Assessor/eRealProperty/Detail.aspx?ParcelNbr=2467400430","currentOwner":"FRED HUTCHINSON CANCER CENTER","currentCompanyId":"fred-hutch"}},{"type":"Feature","id":2467400440,"geometry":{"type":"Polygon","coordinates":[[[-122.33230068774277,47.620184800365365],[-122.33230879829125,47.62018477900447],[-122.33230813876614,47.62007507155924],[-122.33230002823476,47.62007509292012],[-122.33182081821091,47.620076372050434],[-122.33182149970827,47.620186092689785],[-122.33230068774277,47.620184800365365]]]},"properties":{"pin":"2467400440","address":"215 PONTIUS AVE N 98109","taxpayer":"WEST STEVE","propertyType":"C","presentUse":"Apartment","landSqft":4800,"acres":0.11,"zoning":"SM-SLU/R 65/95","isCondo":false,"kcUrl":"https://blue.kingcounty.com/Assessor/eRealProperty/Detail.aspx?ParcelNbr=2467400440","currentOwner":"PONTIUS PARTNERS LLC","currentCompanyId":"auto-pontius-partners-llc"}},{"type":"Feature","id":2467400441,"geometry":{"type":"Polygon","coordinates":[[[-122.3318223543247,47.62032316541146],[-122.3323015183503,47.62032187341632],[-122.3323010182061,47.62023963248799],[-122.33230068774277,47.620184800365365],[-122.33182149970827,47.620186092689785],[-122.33182184291543,47.62024092284011],[-122.3318223543247,47.62032316541146]]]},"properties":{"pin":"2467400441","address":"219 PONTIUS AVE N","taxpayer":"PONTIUS LLC","propertyType":"C","presentUse":"Apartment(Subsidized)","landSqft":5900,"acres":0.14,"zoning":"SM-SLU/R 65/95","isCondo":false,"kcUrl":"https://blue.kingcounty.com/Assessor/eRealProperty/Detail.aspx?ParcelNbr=2467400441","currentOwner":"SEATTLE CITY OF","currentCompanyId":"city-of-seattle"}},{"type":"Feature","id":2467400445,"geometry":{"type":"Polygon","coordinates":[[[-122.33182287146121,47.620405468180934],[-122.33230201207027,47.62040416840553],[-122.3323015183503,47.62032187341632],[-122.3318223543247,47.62032316541146],[-122.33182287146121,47.620405468180934]]]},"properties":{"pin":"2467400445","address":"219 PONTIUS AVE N 98109","taxpayer":"PONTIUS LLC","propertyType":"C","presentUse":"Apartment(Subsidized)","landSqft":3540,"acres":0.08,"zoning":"SM-SLU/R 65/95","isCondo":false,"kcUrl":"https://blue.kingcounty.com/Assessor/eRealProperty/Detail.aspx?ParcelNbr=2467400445","currentOwner":"SEATTLE CITY OF","currentCompanyId":"city-of-seattle"}},{"type":"Feature","id":2467400450,"geometry":{"type":"Polygon","coordinates":[[[-122.33182389211073,47.62057001632395],[-122.33231111923507,47.62056868382558],[-122.33231012265287,47.62040414704456],[-122.33230201207027,47.62040416840553],[-122.33182287146121,47.620405468180934],[-122.33182389211073,47.62057001632395]]]},"properties":{"pin":"2467400450","address":"221 PONTIUS AVE N 98109","taxpayer":"IMMANUEL LUTHERAN CHURCH","propertyType":"C","presentUse":"Parking(Assoc)","landSqft":7200,"acres":0.17,"zoning":"SM-SLU/R 65/95","isCondo":false,"kcUrl":"https://blue.kingcounty.com/Assessor/eRealProperty/Detail.aspx?ParcelNbr=2467400450","currentOwner":"IMMANUEL LUTHERAN CHURCH","currentCompanyId":"auto-immanuel-lutheran-church"}},{"type":"Feature","id":2467400455,"geometry":{"type":"Polygon","coordinates":[[[-122.33182389211073,47.62057001632395],[-122.33182492066952,47.620734561663426],[-122.33231211326697,47.620733224238045],[-122.33231111923507,47.62056868382558],[-122.33182389211073,47.62057001632395]]]},"properties":{"pin":"2467400455","address":"225 PONTIUS AVE N 98109","taxpayer":"IMMANUEL LUTHERAN CHURCH","propertyType":"C","presentUse":"Church/Welfare/Relig Srvc","landSqft":7200,"acres":0.17,"zoning":"SM-SLU/R 65/95","isCondo":false,"kcUrl":"https://blue.kingcounty.com/Assessor/eRealProperty/Detail.aspx?ParcelNbr=2467400455","currentOwner":"IMMANUEL LUTHERAN CHURCH","currentCompanyId":"auto-immanuel-lutheran-church"}},{"type":"Feature","id":2468400005,"geometry":{"type":"MultiPolygon","coordinates":[[[[-122.33364906128882,47.619014736192426],[-122.33364953033148,47.61909582515761],[-122.33365047243272,47.61925915723147],[-122.3336514198342,47.6194224883352],[-122.33365366699569,47.619578199717985],[-122.33413756192994,47.6195768897123],[-122.33413794927081,47.61942178229984],[-122.33413701871099,47.6192589034607],[-122.33413608680104,47.61909602373917],[-122.33413562613637,47.6190153898571],[-122.33364906128882,47.619014736192426]]],[[[-122.33309964039442,47.619341046278954],[-122.33358606791576,47.61934034123685],[-122.33358559715457,47.61925918932328],[-122.33358465750958,47.61909579694551],[-122.33309830730403,47.61909559688706],[-122.33309919876493,47.61925944778403],[-122.33309964039442,47.619341046278954]]]]},"properties":{"pin":"2468400005","address":"116 FAIRVIEW AVE N 98109","taxpayer":"MIRABELLA","propertyType":"C","presentUse":"Retirement Facility","landSqft":36000,"acres":0.83,"zoning":"SM-SLU 240/125-440","isCondo":false,"kcUrl":"https://blue.kingcounty.com/Assessor/eRealProperty/Detail.aspx?ParcelNbr=2468400005","currentOwner":"MIRABELLA","currentCompanyId":"mirabella"}},{"type":"Feature","id":2468400025,"geometry":{"type":"Polygon","coordinates":[[[-122.33413562613637,47.6190153898571],[-122.33413515622695,47.6189331439994],[-122.33413422972662,47.61877026690419],[-122.33413348393613,47.61864026719659],[-122.33364688852771,47.618638708966394],[-122.333647640671,47.61876915568251],[-122.33364858682832,47.61893249040286],[-122.33364906128882,47.619014736192426],[-122.33413562613637,47.6190153898571]]]},"properties":{"pin":"2468400025","address":"100 FAIRVIEW AVE N 98109","taxpayer":"MIRABELLA","propertyType":"C","presentUse":"Parking(Commercial Lot)","landSqft":16560,"acres":0.38,"zoning":"SM-SLU 240/125-440","isCondo":false,"kcUrl":"https://blue.kingcounty.com/Assessor/eRealProperty/Detail.aspx?ParcelNbr=2468400025","currentOwner":"MIRABELLA","currentCompanyId":"mirabella"}},{"type":"Feature","id":2468400035,"geometry":{"type":"Polygon","coordinates":[[[-122.33309830730403,47.61909559688706],[-122.33358465750958,47.61909579694551],[-122.33358370850844,47.618932402891254],[-122.33358276081736,47.618769007919546],[-122.33358200318706,47.61863850370259],[-122.3330958201978,47.61863694037901],[-122.33309652588457,47.61876790046919],[-122.33309741592646,47.618931748687224],[-122.33309830730403,47.61909559688706]]]},"properties":{"pin":"2468400035","address":"Geo Area","taxpayer":"MIRABELLA","propertyType":"C","presentUse":"Retirement Facility","landSqft":20160,"acres":0.46,"zoning":"SM-SLU 240/125-440","isCondo":false,"kcUrl":"https://blue.kingcounty.com/Assessor/eRealProperty/Detail.aspx?ParcelNbr=2468400035","currentOwner":"MIRABELLA","currentCompanyId":"mirabella"}},{"type":"Feature","id":2468400060,"geometry":{"type":"Polygon","coordinates":[[[-122.33310128915923,47.619579721961586],[-122.33358744134405,47.619578250507175],[-122.3335865461935,47.61942258427549],[-122.33358606791576,47.61934034123685],[-122.33309964039442,47.619341046278954],[-122.33310008472986,47.619423292455615],[-122.33310128915923,47.619579721961586]]]},"properties":{"pin":"2468400060","address":"Geo Area","taxpayer":"MIRABELLA","propertyType":"C","presentUse":"Retirement Facility","landSqft":10800,"acres":0.25,"zoning":"SM-SLU 240/125-440","isCondo":false,"kcUrl":"https://blue.kingcounty.com/Assessor/eRealProperty/Detail.aspx?ParcelNbr=2468400060","currentOwner":"MIRABELLA","currentCompanyId":"mirabella"}},{"type":"Feature","id":2468400070,"geometry":{"type":"Polygon","coordinates":[[[-122.33237078177368,47.61958133441231],[-122.33285764976246,47.6195800482635],[-122.3328566960461,47.61941724264065],[-122.33236980873112,47.61941803607506],[-122.33237078177368,47.61958133441231]]]},"properties":{"pin":"2468400070","address":"133 PONTIUS AVE N 98109","taxpayer":"CAPITOL HILL HOUSING IMPROV","propertyType":"C","presentUse":"Apartment","landSqft":7200,"acres":0.17,"zoning":"SM-SLU 240/125-440","isCondo":false,"kcUrl":"https://blue.kingcounty.com/Assessor/eRealProperty/Detail.aspx?ParcelNbr=2468400070","currentOwner":"CITY PLACE IV L L C","currentCompanyId":"vulcan"}},{"type":"Feature","id":2468400075,"geometry":{"type":"Polygon","coordinates":[[[-122.33236980873112,47.61941803607506],[-122.3328566960461,47.61941724264065],[-122.33285574243936,47.61925444061417],[-122.33285479405511,47.61909163491986],[-122.3328538403826,47.61892883019432],[-122.33285288269998,47.61876602462139],[-122.33285194362237,47.618602017826525],[-122.33236491836337,47.6186000216759],[-122.33236588326756,47.61876483956037],[-122.33236686168344,47.61892814052798],[-122.33236784401785,47.61909143874458],[-122.33236882638435,47.6192547378598],[-122.33236980873112,47.61941803607506]]]},"properties":{"pin":"2468400075","address":"121 PONTIUS AVE N 98109","taxpayer":"SEATTLE CITY OF SCL","propertyType":"C","presentUse":"Parking(Assoc)","landSqft":36000,"acres":0.83,"zoning":"SM-SLU 240/125-440","isCondo":false,"kcUrl":"https://blue.kingcounty.com/Assessor/eRealProperty/Detail.aspx?ParcelNbr=2468400075","currentOwner":"SEATTLE CITY OF SCL","currentCompanyId":"city-of-seattle"}},{"type":"Feature","id":2693100015,"geometry":{"type":"Polygon","coordinates":[[[-122.33600244184787,47.61943995765697],[-122.33648821702364,47.61944186759754],[-122.33652055448543,47.61944199464164],[-122.33652192220995,47.61927667171778],[-122.33648959259739,47.619276536475255],[-122.33600381435153,47.61927460501086],[-122.33600244184787,47.61943995765697]]]},"properties":{"pin":"2693100015","address":"Geo Area","taxpayer":"ONNI BOREN AVE SEATTLE LLC","propertyType":"C","presentUse":"Apartment","landSqft":7680,"acres":0.18,"zoning":"SM-SLU 240/125-440","isCondo":false,"kcUrl":"https://blue.kingcounty.com/Assessor/eRealProperty/Detail.aspx?ParcelNbr=2693100015","currentOwner":"ONNI BOREN AVE SEATTLE LLC","currentCompanyId":"auto-onni-boren-ave-seattle-llc"}},{"type":"Feature","id":2693100020,"geometry":{"type":"Polygon","coordinates":[[[-122.33600107327368,47.61960530845118],[-122.33648684949951,47.61960720131154],[-122.3365191844039,47.619607328391155],[-122.33652055448543,47.61944199464164],[-122.33648821702364,47.61944186759754],[-122.33600244184787,47.61943995765697],[-122.33600107327368,47.61960530845118]]]},"properties":{"pin":"2693100020","address":"Geo Area","taxpayer":"ONNI BOREN AVE SEATTLE LLC","propertyType":"C","presentUse":"Apartment","landSqft":7680,"acres":0.18,"zoning":"SM-SLU 240/125-440","isCondo":false,"kcUrl":"https://blue.kingcounty.com/Assessor/eRealProperty/Detail.aspx?ParcelNbr=2693100020","currentOwner":"ONNI BOREN AVE SEATTLE LLC","currentCompanyId":"auto-onni-boren-ave-seattle-llc"}},{"type":"Feature","id":2693100055,"geometry":{"type":"Polygon","coordinates":[[[-122.33655088389698,47.61969791678891],[-122.33701637549427,47.61969972267998],[-122.3370171231247,47.61960925895706],[-122.33701848974376,47.61944395221467],[-122.33701985643202,47.61927864816937],[-122.33655436187846,47.61927679380247],[-122.33652192220995,47.61927667171778],[-122.33652055448543,47.61944199464164],[-122.3365191844039,47.619607328391155],[-122.33655162047023,47.6196074568242],[-122.33655088389698,47.61969791678891]]]},"properties":{"pin":"2693100055","address":"124 TERRY AVE N 98109","taxpayer":"MUI TERRY LLC","propertyType":"C","presentUse":"Warehouse","landSqft":18450,"acres":0.42,"zoning":"SM-SLU 240/125-440","isCondo":false,"kcUrl":"https://blue.kingcounty.com/Assessor/eRealProperty/Detail.aspx?ParcelNbr=2693100055","currentOwner":"MUI TERRY LLC","currentCompanyId":"auto-mui-terry-llc"}},{"type":"Feature","id":2693100065,"geometry":{"type":"Polygon","coordinates":[[[-122.33510771203166,47.619272854652806],[-122.3351049805125,47.61960182792379],[-122.3353153332964,47.619602644110984],[-122.33553072292584,47.61960348338689],[-122.3357334627111,47.619604267945846],[-122.3357361903347,47.61927529735765],[-122.33573755543765,47.61911081114572],[-122.33510908349554,47.61910764420614],[-122.33510771203166,47.619272854652806]]]},"properties":{"pin":"2693100065","address":"122 BOREN AVE N 98109","taxpayer":"ONNI PROPERTIES LLC","propertyType":"C","presentUse":"Apartment","landSqft":27583,"acres":0.63,"zoning":"SM-SLU 240/125-440","isCondo":false,"kcUrl":"https://blue.kingcounty.com/Assessor/eRealProperty/Detail.aspx?ParcelNbr=2693100065","currentOwner":"ONNI DENNY FAIRVIEW LAND LLC","currentCompanyId":"auto-onni-denny-fairview-land-llc"}},{"type":"Feature","id":2925049034,"geometry":{"type":"Polygon","coordinates":[[[-122.32977472063007,47.62471999019679],[-122.3304481632588,47.624718257160595],[-122.33044847396727,47.62467167322342],[-122.33041255055566,47.624626859478504],[-122.33038217445073,47.624578114678954],[-122.33035777131497,47.62452612188908],[-122.33033968311123,47.62447160968751],[-122.33032816331081,47.62441534195757],[-122.33032337334147,47.624358107182935],[-122.3298132725368,47.624359348218064],[-122.32977244492122,47.62435944870267],[-122.32977472063007,47.62471999019679]]]},"properties":{"pin":"2925049034","address":"Geo Area","taxpayer":"SECURITY PROPERTIES RESIDEN","propertyType":"C","presentUse":"Vacant(Commercial)","landSqft":19166,"acres":0.44,"zoning":"SM-SLU 100/95","isCondo":false,"kcUrl":"https://blue.kingcounty.com/Assessor/eRealProperty/Detail.aspx?ParcelNbr=2925049034","currentOwner":"624 YALE OWNER LLC","currentCompanyId":"auto-624-yale-owner-llc"}},{"type":"Feature","id":2925049038,"geometry":{"type":"MultiPolygon","coordinates":[[[[-122.33055981015366,47.6235340653151],[-122.33107885993589,47.62353260500857],[-122.33107917983605,47.623570984337285],[-122.3315995298428,47.62356951534642],[-122.3315982870678,47.62336664687656],[-122.33159728078354,47.623202158836406],[-122.33055705908917,47.62320509272108],[-122.33055981015366,47.6235340653151]]],[[[-122.33108160853364,47.623861053192414],[-122.33108437711545,47.62419148834301],[-122.33160333128512,47.62419012864493],[-122.33160130861918,47.62386011095788],[-122.33160063692135,47.62375080852131],[-122.33108069257331,47.62375177917043],[-122.33108160853364,47.623861053192414]]]]},"properties":{"pin":"2925049038","address":"528 PONTIUS AVE N","taxpayer":"AMLI RESIDENTIAL PROP LP","propertyType":"C","presentUse":"Apartment(Mixed Use)","landSqft":52992,"acres":1.22,"zoning":"SM-SLU/R 65/95","isCondo":false,"kcUrl":"https://blue.kingcounty.com/Assessor/eRealProperty/Detail.aspx?ParcelNbr=2925049038","currentOwner":"PPF AMLI 1260 REPUBLICAN STREET LLC","currentCompanyId":"amli"}},{"type":"Feature","id":2925049039,"geometry":{"type":"Polygon","coordinates":[[[-122.33108069257331,47.62375177917043],[-122.33160063692135,47.62375080852131],[-122.3315995298428,47.62356951534642],[-122.33107917983605,47.623570984337285],[-122.33108069257331,47.62375177917043]]]},"properties":{"pin":"2925049039","address":"518 PONTIUS AVE N 98109","taxpayer":"YALE CAMPUS LLC","propertyType":"C","presentUse":"Daycare Center","landSqft":8490,"acres":0.19,"zoning":"SM-SLU/R 65/95","isCondo":false,"kcUrl":"https://blue.kingcounty.com/Assessor/eRealProperty/Detail.aspx?ParcelNbr=2925049039","currentOwner":"YALE CAMPUS LLC","currentCompanyId":"auto-yale-campus-llc"}},{"type":"Feature","id":2925049094,"geometry":{"type":"Polygon","coordinates":[[[-122.3305611857636,47.623698553859285],[-122.33056256263481,47.62386303968738],[-122.33056531778344,47.62419284525902],[-122.33108437711545,47.62419148834301],[-122.33108160853364,47.623861053192414],[-122.33108069257331,47.62375177917043],[-122.33107917983605,47.623570984337285],[-122.33107885993589,47.62353260500857],[-122.33055981015366,47.6235340653151],[-122.3305611857636,47.623698553859285]]]},"properties":{"pin":"2925049094","address":"1275 MERCER ST 98109","taxpayer":"YALE CAMPUS LLC","propertyType":"C","presentUse":"Daycare Center","landSqft":30720,"acres":0.71,"zoning":"SM-SLU/R 65/95","isCondo":false,"kcUrl":"https://blue.kingcounty.com/Assessor/eRealProperty/Detail.aspx?ParcelNbr=2925049094","currentOwner":"PPF AMLI 1260 REPUBLICAN STREET LLC","currentCompanyId":"amli"}},{"type":"Feature","id":2925049097,"geometry":{"type":"Polygon","coordinates":[[[-122.32930837484723,47.624721192506684],[-122.32977472063007,47.62471999019679],[-122.32977244492122,47.62435944870267],[-122.3293061043176,47.62436057990872],[-122.32930837484723,47.624721192506684]]]},"properties":{"pin":"2925049097","address":"601 EASTLAKE AVE E 98109","taxpayer":"LIHI","propertyType":"C","presentUse":"Apartment(Subsidized)","landSqft":14810,"acres":0.34,"zoning":"SM-SLU 100/95","isCondo":false,"kcUrl":"https://blue.kingcounty.com/Assessor/eRealProperty/Detail.aspx?ParcelNbr=2925049097","currentOwner":"JENSEN BLOCK APARTMENTS LLC","currentCompanyId":"auto-jensen-block-apartments-llc"}},{"type":"Feature","id":2925049098,"geometry":{"type":"Polygon","coordinates":[[[-122.32931388048827,47.62482014255399],[-122.32931978152541,47.624869494784555],[-122.32932777198658,47.62491871609759],[-122.32933784651654,47.62496775888402],[-122.32934630811232,47.6250157784263],[-122.32935616880098,47.62506515777616],[-122.33023285480427,47.625065430657216],[-122.33023303249833,47.62476718433447],[-122.33023967370094,47.624767175257766],[-122.3304484719795,47.624766898447675],[-122.33054816330757,47.62476676560188],[-122.33051896679808,47.624742571503006],[-122.3304910433758,47.62471691856798],[-122.33044847396727,47.62467167322342],[-122.3304481632588,47.624718257160595],[-122.32977472063007,47.62471999019679],[-122.32930837484723,47.624721192506684],[-122.32931007783323,47.62477069347355],[-122.32931388048827,47.62482014255399]]]},"properties":{"pin":"2925049098","address":"617 EASTLAKE AVE E 98109","taxpayer":"BLUME ROY BUILDING LLC","propertyType":"C","presentUse":"Office Building","landSqft":30307,"acres":0.7,"zoning":"SM-SLU 100/95","isCondo":false,"kcUrl":"https://blue.kingcounty.com/Assessor/eRealProperty/Detail.aspx?ParcelNbr=2925049098","currentOwner":"BLUME ROY BUILDING LLC","currentCompanyId":"blume"}},{"type":"Feature","id":3481800010,"geometry":{"type":"Polygon","coordinates":[[[-122.33056694490877,47.62435733319094],[-122.33057041940822,47.62440420850239],[-122.33058066697772,47.62445008174393],[-122.3305974701831,47.624493979571426],[-122.33061818697253,47.624532870522145],[-122.33064288614277,47.624569362197946],[-122.33067129273029,47.62460304835531],[-122.33070522967711,47.62463646241507],[-122.33074199168982,47.62466674062788],[-122.330792043635,47.62471198008171],[-122.33082399418883,47.6247459138943],[-122.33085328932545,47.62478216491493],[-122.33087976154546,47.62482052587288],[-122.33090006830227,47.624855572307276],[-122.33091749186109,47.62489213781744],[-122.3309319194317,47.62492998569905],[-122.33093193853638,47.624930048420204],[-122.33093333642591,47.62493432385181],[-122.33093702888546,47.62494638038047],[-122.33099564715047,47.62492973821405],[-122.33128290654439,47.62484818068607],[-122.33128282160666,47.62483381687661],[-122.33136287038536,47.62481865300461],[-122.33160686370627,47.624772430303715],[-122.3316064808861,47.62470845617545],[-122.33160548616443,47.624544186592715],[-122.33160433361716,47.624354616733356],[-122.33108527538336,47.62435597778381],[-122.33092307661944,47.62435640101732],[-122.33056694490877,47.62435733319094]]]},"properties":{"pin":"3481800010","address":"1260 MERCER ST","taxpayer":"BLUME YALE PARTNERSHIP","propertyType":"C","presentUse":"Office Building","landSqft":40437,"acres":0.93,"zoning":"SM-SLU 100/95","isCondo":false,"kcUrl":"https://blue.kingcounty.com/Assessor/eRealProperty/Detail.aspx?ParcelNbr=3481800010","currentOwner":"BLUME YALE LIMITED PARTNERSHIP","currentCompanyId":"blume"}},{"type":"Feature","id":3481800055,"geometry":{"type":"Polygon","coordinates":[[[-122.33023285480427,47.625065430657216],[-122.33023943516665,47.62506543317646],[-122.33045036951846,47.62506549532556],[-122.33047717932988,47.62506550522346],[-122.33070394098952,47.6250002919373],[-122.33069427659092,47.62496497926529],[-122.3306807499728,47.62493095844803],[-122.33066020632978,47.624891950192705],[-122.33063562397444,47.62485535247341],[-122.33060728268867,47.62482158182383],[-122.33058267827481,47.62479669651371],[-122.33055661874684,47.624773339355414],[-122.33054816330757,47.62476676560188],[-122.3304484719795,47.624766898447675],[-122.33023967370094,47.624767175257766],[-122.33023303249833,47.62476718433447],[-122.33023285480427,47.625065430657216]]]},"properties":{"pin":"3481800055","address":"624 YALE AVE N","taxpayer":"SECURITY PROPERTIES RESIDEN","propertyType":"C","presentUse":"Apartment(Mixed Use)","landSqft":10778,"acres":0.25,"zoning":"SM-SLU 100/95","isCondo":false,"kcUrl":"https://blue.kingcounty.com/Assessor/eRealProperty/Detail.aspx?ParcelNbr=3481800055","currentOwner":"SECURITY PROPERTIES RESIDEN","currentCompanyId":"auto-security-properties-residen"}},{"type":"Feature","id":4088000000,"geometry":{"type":"Polygon","coordinates":[[[-122.32916708467839,47.63043215908866],[-122.32910103702339,47.63048404547307],[-122.32904812837334,47.630525604416924],[-122.32959011211875,47.630833343940445],[-122.32963073149894,47.63085640759792],[-122.32966330086082,47.630874899104775],[-122.32958996852561,47.630933925448204],[-122.32958520671313,47.63093776368813],[-122.32942874194855,47.63106370952687],[-122.32941916721965,47.6310714154515],[-122.32938588791403,47.631098202307854],[-122.32935033370725,47.63112682456168],[-122.32917945751157,47.63113690119989],[-122.32958937019134,47.63136960740571],[-122.33039992408276,47.63182975601376],[-122.33040021747114,47.63155877349472],[-122.33040102648705,47.63113226556434],[-122.3308334777502,47.630784303039846],[-122.33092402390727,47.63071144465182],[-122.33073898599085,47.630604592841735],[-122.33055394753008,47.630497741647346],[-122.3303689152284,47.63039089277971],[-122.33026937696134,47.630333412494274],[-122.33023434493566,47.6303131840201],[-122.33018777313765,47.63028629006139],[-122.33010489551744,47.63037054490132],[-122.33008299582869,47.63039280665374],[-122.32958044678561,47.63010743984444],[-122.32938656121605,47.6302597448193],[-122.32916708467839,47.63043215908866]]]},"properties":{"pin":"4088000000","address":"1151 FAIRVIEW AVE N 98109","taxpayer":null,"propertyType":"K","presentUse":"Condominium(Mixed Use)","landSqft":136811,"acres":3.14,"zoning":"C2-40","isCondo":true,"kcUrl":"https://blue.kingcounty.com/Assessor/eRealProperty/Detail.aspx?ParcelNbr=4088000000","currentOwner":null,"currentCompanyId":null}},{"type":"Feature","id":4088802875,"geometry":{"type":"Polygon","coordinates":[[[-122.32817551144907,47.631211070947224],[-122.3295884736755,47.63201347304186],[-122.32958877430767,47.63179885174064],[-122.32958906565067,47.63158423145978],[-122.32958914558961,47.63153056887423],[-122.32958937019134,47.63136960740571],[-122.32917945751157,47.63113690119989],[-122.32913848778551,47.63111364137273],[-122.32865150287329,47.63083717174093],[-122.32864210114992,47.630844555966405],[-122.32853252123502,47.630930633030715],[-122.32849283720786,47.630961806564954],[-122.32833417479904,47.63108644201429],[-122.32817551144907,47.631211070947224]]]},"properties":{"pin":"4088802875","address":"1166 FAIRVIEW AVE E 98109","taxpayer":"SEATTLE CITY OF SCL","propertyType":"C","presentUse":"Water Body, Fresh","landSqft":68110,"acres":1.56,"zoning":"MML U/45","isCondo":false,"kcUrl":"https://blue.kingcounty.com/Assessor/eRealProperty/Detail.aspx?ParcelNbr=4088802875","currentOwner":"SEATTLE CITY OF SCL","currentCompanyId":"city-of-seattle"}},{"type":"Feature","id":4088802890,"geometry":{"type":"Polygon","coordinates":[[[-122.32896882399291,47.63058790333159],[-122.32881016376149,47.630712535848474],[-122.32865150287329,47.63083717174093],[-122.32913848778551,47.63111364137273],[-122.32917945751157,47.63113690119989],[-122.32935033370725,47.63112682456168],[-122.32938588791403,47.631098202307854],[-122.32941916721965,47.6310714154515],[-122.32942874194855,47.63106370952687],[-122.32958520671313,47.63093776368813],[-122.32958996852561,47.630933925448204],[-122.32966330086082,47.630874899104775],[-122.32963073149894,47.63085640759792],[-122.32959011211875,47.630833343940445],[-122.32904812837334,47.630525604416924],[-122.32896882399291,47.63058790333159]]]},"properties":{"pin":"4088802890","address":"1171 FAIRVIEW AVE E 98109","taxpayer":"ILAHIE HOLDINGS INC","propertyType":"C","presentUse":"Office Building","landSqft":29384,"acres":0.67,"zoning":"C2-40","isCondo":false,"kcUrl":"https://blue.kingcounty.com/Assessor/eRealProperty/Detail.aspx?ParcelNbr=4088802890","currentOwner":"1177 FAIRVIEW ASSOCIATES L L C","currentCompanyId":"auto-1177-fairview-associates-llc"}},{"type":"Feature","id":4088802896,"geometry":{"type":"Polygon","coordinates":[[[-122.33023434493566,47.6303131840201],[-122.33026937696134,47.630333412494274],[-122.3303689152284,47.63039089277971],[-122.33055394753008,47.630497741647346],[-122.33073898599085,47.630604592841735],[-122.33092402390727,47.63071144465182],[-122.33100304169088,47.6306478625795],[-122.33084584606665,47.630518585360974],[-122.33068864582478,47.630389305297115],[-122.33053144764276,47.630260023199725],[-122.33038411102592,47.630138856996865],[-122.33037424630287,47.63013074273584],[-122.33036790381944,47.63012552566511],[-122.33021704037131,47.63000146032582],[-122.329971947845,47.6297998821831],[-122.32960604036741,47.6300873327713],[-122.32958044678561,47.63010743984444],[-122.33008299582869,47.63039280665374],[-122.33010489551744,47.63037054490132],[-122.33018777313765,47.63028629006139],[-122.33023434493566,47.6303131840201]]]},"properties":{"pin":"4088802896","address":"1141 FAIRVIEW AVE N 98109","taxpayer":"UNION TRUST LLC","propertyType":"C","presentUse":"Industrial(Light)","landSqft":33240,"acres":0.76,"zoning":"C2-40","isCondo":false,"kcUrl":"https://blue.kingcounty.com/Assessor/eRealProperty/Detail.aspx?ParcelNbr=4088802896","currentOwner":"UNTION TRUST LLC","currentCompanyId":"auto-untion-trust-llc"}},{"type":"Feature","id":4088802955,"geometry":{"type":"Polygon","coordinates":[[[-122.32918393447048,47.629276281478504],[-122.32882213296894,47.62962926409539],[-122.32868355752717,47.62976445846295],[-122.32854498527853,47.629899649911124],[-122.32857639530657,47.62991437320017],[-122.32866349862027,47.629955198341705],[-122.3289570531663,47.630092782324944],[-122.32911662471263,47.62996743050587],[-122.32927619820234,47.62984208022625],[-122.32939919327332,47.62974545541756],[-122.3293950418218,47.62928042504936],[-122.32939498842507,47.629274450563905],[-122.32926093663134,47.62924946253546],[-122.32923811748496,47.62924520951124],[-122.32921936317065,47.62924171630873],[-122.32918393447048,47.629276281478504]]]},"properties":{"pin":"4088802955","address":"1150 FAIRVIEW AVE N 98109","taxpayer":"LAKE UNION SILVER CLOUD INN","propertyType":"C","presentUse":"Hotel/Motel","landSqft":34370,"acres":0.79,"zoning":"SM-SLU 145","isCondo":false,"kcUrl":"https://blue.kingcounty.com/Assessor/eRealProperty/Detail.aspx?ParcelNbr=4088802955","currentOwner":"LAKE UNION SILVER CLOUD INN L","currentCompanyId":"silver-cloud"}},{"type":"Feature","id":4088802995,"geometry":{"type":"Polygon","coordinates":[[[-122.329971947845,47.6297998821831],[-122.33021704037131,47.63000146032582],[-122.33036790381944,47.63012552566511],[-122.33037424630287,47.63013074273584],[-122.33038411102592,47.630138856996865],[-122.33053144764276,47.630260023199725],[-122.33068864582478,47.630389305297115],[-122.33084584606665,47.630518585360974],[-122.33100304169088,47.6306478625795],[-122.33100565480474,47.63064576000268],[-122.33144308088235,47.63029378482083],[-122.33144206580509,47.63029144030997],[-122.33136096773435,47.630103972448325],[-122.3313123884214,47.62999167418006],[-122.33127885229185,47.629914151957124],[-122.33119673734501,47.629724327808695],[-122.33119410252638,47.62971823435663],[-122.33115494382969,47.629627717496085],[-122.33111461887711,47.629534499156215],[-122.3310325009049,47.62934466684646],[-122.33091047838109,47.62906258212501],[-122.33026706383217,47.62956804754071],[-122.32999736682116,47.62977991495342],[-122.329971947845,47.6297998821831]]]},"properties":{"pin":"4088802995","address":"1111 FAIRVIEW AVE N 98109","taxpayer":"TRC MARITIME PROPERTIES","propertyType":"C","presentUse":"Office Building","landSqft":102821,"acres":2.36,"zoning":"C2-40","isCondo":false,"kcUrl":"https://blue.kingcounty.com/Assessor/eRealProperty/Detail.aspx?ParcelNbr=4088802995","currentOwner":"TRC MARITIME PROPERTIES & MARINA LLC","currentCompanyId":"auto-trc-maritime-properties-marina-llc"}},{"type":"Feature","id":4088803010,"geometry":{"type":"Polygon","coordinates":[[[-122.33158634441259,47.62853168388105],[-122.33111861511628,47.62889906582622],[-122.33123931650401,47.62917808656673],[-122.33132144072944,47.62936793394573],[-122.33137992110109,47.629503119249186],[-122.33138823174161,47.62952233253747],[-122.3314035682408,47.629557782128664],[-122.33145615595632,47.62951543642013],[-122.33150102169665,47.629479309647756],[-122.33200983063692,47.62906959406542],[-122.33200985080751,47.62906955511674],[-122.33201166385932,47.62906809457314],[-122.33225430924256,47.62887273180376],[-122.33225236559028,47.62861820271901],[-122.3322504207045,47.6283636763478],[-122.33224829249967,47.62808542344704],[-122.33224827750607,47.628083194417556],[-122.3322479659435,47.62804250298443],[-122.33224773581115,47.628012164959124],[-122.33158634441259,47.62853168388105]]]},"properties":{"pin":"4088803010","address":"1001 FAIRVIEW AVE N 98109","taxpayer":"1001 FAIRVIEW LLC","propertyType":"C","presentUse":"Office Building","landSqft":77940,"acres":1.79,"zoning":"C2-40","isCondo":false,"kcUrl":"https://blue.kingcounty.com/Assessor/eRealProperty/Detail.aspx?ParcelNbr=4088803010","currentOwner":"1001 FAIRVIEW LLC","currentCompanyId":"auto-1001-fairview-llc"}},{"type":"Feature","id":4088803030,"geometry":{"type":"Polygon","coordinates":[[[-122.33201166385932,47.62906809457314],[-122.33200985080751,47.62906955511674],[-122.33200983063692,47.62906959406542],[-122.33150102169665,47.629479309647756],[-122.33145615595632,47.62951543642013],[-122.3314035682408,47.629557782128664],[-122.33148569635155,47.629747630251416],[-122.33156782495821,47.62993747471685],[-122.33164995168494,47.63012732545193],[-122.33226014036524,47.62963632084574],[-122.33225819665596,47.629381791766384],[-122.33225624897474,47.6291272627378],[-122.33225430924256,47.62887273180376],[-122.33201166385932,47.62906809457314]]]},"properties":{"pin":"4088803030","address":"1001 FAIRVIEW AVE N 98109","taxpayer":"1001 FAIRVIEW LLC","propertyType":"C","presentUse":"Marina","landSqft":50462,"acres":1.16,"zoning":"C2-40","isCondo":false,"kcUrl":"https://blue.kingcounty.com/Assessor/eRealProperty/Detail.aspx?ParcelNbr=4088803030","currentOwner":"1001 FAIRVIEW LLC","currentCompanyId":"auto-1001-fairview-llc"}},{"type":"Feature","id":4088803031,"geometry":{"type":"Polygon","coordinates":[[[-122.33164995168494,47.63012732545193],[-122.33178669488194,47.6304434259396],[-122.33226337865075,47.630059906865284],[-122.33226014036524,47.62963632084574],[-122.33164995168494,47.63012732545193]]]},"properties":{"pin":"4088803031","address":"1001 FAIRVIEW AVE N 98109","taxpayer":"DEPT OF NATURAL RESOURCES","propertyType":"C","presentUse":"Marina","landSqft":20829,"acres":0.48,"zoning":"C2-40","isCondo":false,"kcUrl":"https://blue.kingcounty.com/Assessor/eRealProperty/Detail.aspx?ParcelNbr=4088803031","currentOwner":"DEPT OF NATURAL RESOURCES","currentCompanyId":"washington-state"}},{"type":"Feature","id":4088803045,"geometry":{"type":"Polygon","coordinates":[[[-122.33414283674009,47.626549384705584],[-122.33414081120966,47.626549471686886],[-122.33413879055203,47.626549589190574],[-122.33413677505264,47.626549747108584],[-122.33413476841677,47.62654993549632],[-122.33413276803581,47.62655015618744],[-122.33413077534375,47.62655041276144],[-122.33412879558372,47.626550702450395],[-122.33412682207869,47.626551024442726],[-122.33412486158343,47.62655138224776],[-122.33412292064536,47.62655177218084],[-122.33412099529971,47.6265521951937],[-122.33411908147805,47.62655264864132],[-122.33411718463098,47.62655313694975],[-122.33411530984586,47.62655365195552],[-122.33411345216501,47.62655420631843],[-122.33411161119928,47.6265547865496],[-122.33410979915422,47.62655540058446],[-122.33410800914523,47.62655604041742],[-122.33410624273591,47.62655671412426],[-122.33410450378736,47.62655741715601],[-122.33410278830883,47.62655814956538],[-122.33410109890887,47.626558909518714],[-122.3340994423165,47.626559699626114],[-122.33409781425563,47.626560510048236],[-122.33409621652342,47.62656135695442],[-122.33409464742651,47.6265622277724],[-122.33409311635435,47.62656312507722],[-122.33409161394336,47.62656404719319],[-122.33409014822684,47.62656499581353],[-122.3340887204053,47.626565966424394],[-122.33408643946349,47.62656762478869],[-122.33400488290364,47.62663170321059],[-122.3339244282572,47.626694914216046],[-122.3338608349444,47.62674487566179],[-122.33371663437805,47.626858176778406],[-122.33355127068756,47.62698810071104],[-122.33291692253292,47.627486490353675],[-122.33291951435324,47.627824923623926],[-122.33291958398107,47.62783403213183],[-122.33292004893458,47.62789488984922],[-122.33292131934513,47.62806095954228],[-122.33292148120769,47.628082037911554],[-122.33292342575113,47.62833620807636],[-122.33292537435626,47.62859037998529],[-122.33292731640681,47.62884455467787],[-122.33292925939149,47.629097976385175],[-122.33356353375396,47.62858763034136],[-122.33363304323905,47.62853170408746],[-122.3336343191414,47.62853067791064],[-122.33380839119172,47.6283906166018],[-122.33413182916227,47.628130367375974],[-122.33417523085221,47.62809544539419],[-122.33417159554584,47.62786696866888],[-122.33417026815518,47.62761230631567],[-122.33416893957704,47.62735764847451],[-122.33416841847867,47.6272580435767],[-122.33416760694332,47.62710298798644],[-122.33416659423105,47.62690858170609],[-122.33416631156653,47.626854507310924],[-122.33416605738576,47.62680607847856],[-122.33416572251627,47.626742169359744],[-122.33416515444036,47.626633417867964],[-122.33416472234948,47.62655059577721],[-122.33416300409196,47.62655040162808],[-122.33416100991327,47.62655014544581],[-122.33415900746087,47.626549925356905],[-122.3341569979611,47.62654973774676],[-122.33415498683875,47.62654958614225],[-122.33415296728695,47.62654946523557],[-122.33415094084351,47.62654938220325],[-122.33414891533411,47.62654933154443],[-122.33414688681994,47.626549315110275],[-122.33414485931766,47.62654933374749],[-122.33414283674009,47.626549384705584]]]},"properties":{"pin":"4088803045","address":"901 FAIRVIEW AVE N 98109","taxpayer":"CITY INVESTORS XIV LLC","propertyType":"C","presentUse":"Retail(Line/Strip)","landSqft":180222,"acres":4.14,"zoning":"C2-40","isCondo":false,"kcUrl":"https://blue.kingcounty.com/Assessor/eRealProperty/Detail.aspx?ParcelNbr=4088803045","currentOwner":"CITY INVESTORS XIV LLC","currentCompanyId":"vulcan"}},{"type":"Feature","id":4088803235,"geometry":{"type":"Polygon","coordinates":[[[-122.33747215388885,47.62562645498602],[-122.3382449662166,47.62562961774254],[-122.33824617058143,47.625465133549746],[-122.33732643040518,47.625461367402565],[-122.33734075168717,47.625485905703734],[-122.33735789353618,47.62551120738387],[-122.33737701631274,47.62553584686216],[-122.33739806911126,47.62555976633567],[-122.33742098425748,47.62558288033524],[-122.3374457041421,47.62560512934732],[-122.33747215388885,47.62562645498602]]]},"properties":{"pin":"4088803235","address":"Geo Area","taxpayer":"CITY INVESTORS X1 LLC","propertyType":"C","presentUse":"Vacant(Commercial)","landSqft":12900,"acres":0.3,"zoning":"SM-SLU 85/65-160","isCondo":false,"kcUrl":"https://blue.kingcounty.com/Assessor/eRealProperty/Detail.aspx?ParcelNbr=4088803235","currentOwner":"CITY INVESTORS XI LLC","currentCompanyId":"vulcan"}},{"type":"Feature","id":4088803236,"geometry":{"type":"Polygon","coordinates":[[[-122.33727968121661,47.6252966802594],[-122.33727836879221,47.62546116852907],[-122.33727706022013,47.62562565224893],[-122.33736406456339,47.625626010348],[-122.33747215388885,47.62562645498602],[-122.3374457041421,47.62560512934732],[-122.33742098425748,47.62558288033524],[-122.33739806911126,47.62555976633567],[-122.33737701631274,47.62553584686216],[-122.33735789353618,47.62551120738387],[-122.33734075168717,47.625485905703734],[-122.33732643040518,47.625461367402565],[-122.33732564492914,47.62546002027236],[-122.33731261258524,47.625433622539695],[-122.33730169293395,47.625406793864904],[-122.3372929159603,47.62537960492147],[-122.33728630930094,47.62535213720908],[-122.33728189649749,47.62532446868285],[-122.33727968121661,47.6252966802594]]]},"properties":{"pin":"4088803236","address":"615 TERRY AVE N 98109","taxpayer":"CITY INVESTORS INC","propertyType":"C","presentUse":"Right of Way/Utility, Road","landSqft":1060,"acres":0.02,"zoning":"SM-SLU 85/65-160","isCondo":false,"kcUrl":"https://blue.kingcounty.com/Assessor/eRealProperty/Detail.aspx?ParcelNbr=4088803236","currentOwner":"CITY INVESTORS XI LLC","currentCompanyId":"vulcan"}},{"type":"Feature","id":4088803240,"geometry":{"type":"Polygon","coordinates":[[[-122.33824617058143,47.625465133549746],[-122.33824738539812,47.625300642920614],[-122.33727968121661,47.6252966802594],[-122.33728189649749,47.62532446868285],[-122.33728630930094,47.62535213720908],[-122.3372929159603,47.62537960492147],[-122.33730169293395,47.625406793864904],[-122.33731261258524,47.625433622539695],[-122.33732564492914,47.62546002027236],[-122.33732643040518,47.625461367402565],[-122.33824617058143,47.625465133549746]]]},"properties":{"pin":"4088803240","address":"Geo Area","taxpayer":"CITY INVESTORS X1 LLC","propertyType":"C","presentUse":"Vacant(Commercial)","landSqft":14170,"acres":0.33,"zoning":"SM-SLU 85/65-160","isCondo":false,"kcUrl":"https://blue.kingcounty.com/Assessor/eRealProperty/Detail.aspx?ParcelNbr=4088803240","currentOwner":"CITY INVESTORS XI LLC","currentCompanyId":"vulcan"}},{"type":"Feature","id":4088803345,"geometry":{"type":"Polygon","coordinates":[[[-122.33727968121661,47.6252966802594],[-122.33824738539812,47.625300642920614],[-122.3382485936603,47.6251361559758],[-122.3377230020854,47.625134005454036],[-122.33728098972016,47.625132194739585],[-122.33727968121661,47.6252966802594]]]},"properties":{"pin":"4088803345","address":"670 TERRY AVE N 98109","taxpayer":"CITY INVESTORS X1 LLC","propertyType":"C","presentUse":"Vacant(Commercial)","landSqft":14319,"acres":0.33,"zoning":"SM-SLU 85/65-160","isCondo":false,"kcUrl":"https://blue.kingcounty.com/Assessor/eRealProperty/Detail.aspx?ParcelNbr=4088803345","currentOwner":"CITY INVESTORS XI LLC","currentCompanyId":"vulcan"}},{"type":"Feature","id":4088803355,"geometry":{"type":"Polygon","coordinates":[[[-122.33772463268467,47.62492783678453],[-122.33772430738303,47.62496890551947],[-122.33772348791113,47.625071983612166],[-122.3377230020854,47.625134005454036],[-122.3382485936603,47.6251361559758],[-122.33824906424763,47.625072801104736],[-122.33824981955665,47.62497117491178],[-122.3382508497943,47.6248313989733],[-122.33799764099382,47.624830777551175],[-122.33778499724525,47.624830255410366],[-122.33772540997153,47.62483011012114],[-122.33772463268467,47.62492783678453]]]},"properties":{"pin":"4088803355","address":"Geo Area","taxpayer":"CITY INVESTORS XI LLC","propertyType":"C","presentUse":"Vacant(Commercial)","landSqft":14386,"acres":0.33,"zoning":"SM-SLU 85/65-160","isCondo":false,"kcUrl":"https://blue.kingcounty.com/Assessor/eRealProperty/Detail.aspx?ParcelNbr=4088803355","currentOwner":"CITY INVESTORS XI L L C","currentCompanyId":"vulcan"}},{"type":"Feature","id":4088803385,"geometry":{"type":"Polygon","coordinates":[[[-122.33861930808649,47.62541956674758],[-122.33862576312706,47.62544308257145],[-122.33863398922657,47.625466038895375],[-122.33865302100325,47.62550593691868],[-122.33867673284847,47.62554324387759],[-122.33871497200145,47.62559648706564],[-122.33879578731613,47.62557525914739],[-122.3388757603207,47.62555105050972],[-122.33904890681052,47.6254947233022],[-122.33911394086164,47.62547356328087],[-122.33954607271843,47.62533297980546],[-122.33954606242213,47.62533285399647],[-122.33954370407383,47.62530499192719],[-122.33952978311777,47.62514044603576],[-122.33952422723618,47.62507476443392],[-122.33951630731457,47.62498116056368],[-122.33950929378767,47.624898270737276],[-122.33937358719437,47.624816466704914],[-122.33936754958528,47.62481282671053],[-122.33911822166357,47.62481204128084],[-122.33905392475843,47.62481183934595],[-122.33861616827248,47.62481045794116],[-122.33861597398771,47.62481045781179],[-122.33861593764054,47.62481536385951],[-122.33861472256616,47.62497985091516],[-122.33861403781289,47.625073359915895],[-122.3386135659831,47.62513697839618],[-122.33861234823331,47.625301465485634],[-122.33861206086684,47.625340326090196],[-122.33861266284734,47.62536563582022],[-122.33861482982051,47.62539090236284],[-122.3386185646604,47.625416086996836],[-122.33861930808649,47.62541956674758]]]},"properties":{"pin":"4088803385","address":"601 WESTLAKE AVE N 98109","taxpayer":"WASHINGTON BUILDERS LLC","propertyType":"C","presentUse":"Office Building","landSqft":53869,"acres":1.24,"zoning":"SM-SLU 85/65-160","isCondo":false,"kcUrl":"https://blue.kingcounty.com/Assessor/eRealProperty/Detail.aspx?ParcelNbr=4088803385","currentOwner":"WASHINGTON BUILDERS LLC","currentCompanyId":"auto-washington-builders-llc"}},{"type":"Feature","id":4088803435,"geometry":{"type":"Polygon","coordinates":[[[-122.33989510467212,47.62564876791452],[-122.34036417169351,47.62565059445995],[-122.34036541832982,47.62550530096007],[-122.3398963525142,47.62550347082272],[-122.33989510467212,47.62564876791452]]]},"properties":{"pin":"4088803435","address":"Geo Area","taxpayer":"BLOCK 79 LLC","propertyType":"C","presentUse":"Restaurant/Lounge","landSqft":6201,"acres":0.14,"zoning":"SM-SLU 100/95","isCondo":false,"kcUrl":"https://blue.kingcounty.com/Assessor/eRealProperty/Detail.aspx?ParcelNbr=4088803435","currentOwner":"BLOCK 79 LLC","currentCompanyId":"auto-block-79-llc"}},{"type":"Feature","id":4088803440,"geometry":{"type":"Polygon","coordinates":[[[-122.33989043457846,47.62619225570259],[-122.34029719882696,47.62619384117992],[-122.34035139478496,47.62619405022833],[-122.34035950386547,47.62619408320173],[-122.34035993206294,47.62614405206345],[-122.34036134396918,47.62597956681348],[-122.34036275581443,47.62581507976422],[-122.34036417169351,47.62565059445995],[-122.33989510467212,47.62564876791452],[-122.33989369526529,47.625813252208076],[-122.33989228188503,47.62597773745297],[-122.33989086455719,47.626142224548445],[-122.33989043457846,47.62619225570259]]]},"properties":{"pin":"4088803440","address":"Geo Area","taxpayer":"BLOCK 79 LLC","propertyType":"C","presentUse":"Auto Showroom and Lot","landSqft":23195,"acres":0.53,"zoning":"SM-SLU 100/95","isCondo":false,"kcUrl":"https://blue.kingcounty.com/Assessor/eRealProperty/Detail.aspx?ParcelNbr=4088803440","currentOwner":"BLOCK 79 LLC","currentCompanyId":"auto-block-79-llc"}},{"type":"Feature","id":4088803485,"geometry":{"type":"Polygon","coordinates":[[[-122.3398859143708,47.6267177646091],[-122.34004632827154,47.626718443553735],[-122.34035498760805,47.62671974866922],[-122.34035525996717,47.62668771807624],[-122.34035667192897,47.62652323372799],[-122.34035711635048,47.62647178729013],[-122.34035731301465,47.62644835166583],[-122.34035736570243,47.62644286695051],[-122.34035950386547,47.62619408320173],[-122.34035139478496,47.62619405022833],[-122.34029719882696,47.62619384117992],[-122.33989043457846,47.62619225570259],[-122.33988891582084,47.626368633373325],[-122.33988834299706,47.62643555747813],[-122.33988829550265,47.62644103942499],[-122.33988824675609,47.62644652408723],[-122.33988760437606,47.62652124692413],[-122.33988619100933,47.6266857339644],[-122.3398859143708,47.6267177646091]]]},"properties":{"pin":"4088803485","address":"Geo Area","taxpayer":"BLOCK 79 LLC","propertyType":"C","presentUse":"Industrial(Gen Purpose)","landSqft":22581,"acres":0.52,"zoning":"SM-SLU 100/95","isCondo":false,"kcUrl":"https://blue.kingcounty.com/Assessor/eRealProperty/Detail.aspx?ParcelNbr=4088803485","currentOwner":"BLOCK 79 LLC","currentCompanyId":"auto-block-79-llc"}},{"type":"Feature","id":4088803495,"geometry":{"type":"Polygon","coordinates":[[[-122.33884391091706,47.62580480344586],[-122.3395693144074,47.62580765501801],[-122.33957108243611,47.62560161305464],[-122.33947143090195,47.62560065483237],[-122.33884391091706,47.62580480344586]]]},"properties":{"pin":"4088803495","address":"Geo Area","taxpayer":"SEATTLE CITY OF SDOT","propertyType":"C","presentUse":"Retail Store","landSqft":7561,"acres":0.17,"zoning":"SM-SLU 100/95","isCondo":false,"kcUrl":"https://blue.kingcounty.com/Assessor/eRealProperty/Detail.aspx?ParcelNbr=4088803495","currentOwner":"SEATTLE CITY OF SDOT","currentCompanyId":"city-of-seattle"}},{"type":"Feature","id":4088803500,"geometry":{"type":"Polygon","coordinates":[[[-122.33908089502518,47.626134719128295],[-122.33956648430882,47.62613662731517],[-122.33956789864541,47.625972139377204],[-122.3395693144074,47.62580765501801],[-122.33884391091706,47.62580480344586],[-122.3389624044996,47.625969758175295],[-122.33908089502518,47.626134719128295]]]},"properties":{"pin":"4088803500","address":"707 WESTLAKE AVE N 98109","taxpayer":"CITY INVESTORS XXX LLC","propertyType":"C","presentUse":"Retail Store","landSqft":18000,"acres":0.41,"zoning":"SM-SLU 100/95","isCondo":false,"kcUrl":"https://blue.kingcounty.com/Assessor/eRealProperty/Detail.aspx?ParcelNbr=4088803500","currentOwner":"CITY INVESTORS XXX LLC","currentCompanyId":"vulcan"}},{"type":"Feature","id":4088803510,"geometry":{"type":"Polygon","coordinates":[[[-122.33940871543697,47.62659107618328],[-122.33941299937548,47.626596004232525],[-122.33941519372931,47.62659853098642],[-122.33942332086757,47.62660520650109],[-122.33943290567301,47.626610934331005],[-122.33944369921758,47.62661557383212],[-122.33945543984342,47.62661900432034],[-122.33946782859144,47.626621149686116],[-122.33948056694504,47.62662194910741],[-122.33949332704213,47.626621385331944],[-122.33950580183307,47.626619470519216],[-122.3395176774328,47.62661625650215],[-122.33952865531796,47.626611820099534],[-122.33953846440335,47.62660626655469],[-122.33954686153665,47.62659974662148],[-122.33955363830795,47.62659241599153],[-122.33955862420521,47.626584452345384],[-122.33956170270699,47.62657605963718],[-122.33956203137664,47.626573393344785],[-122.33956277998385,47.62656744421965],[-122.3395650699373,47.62630111435314],[-122.33956648430882,47.62613662731517],[-122.33908089502518,47.626134719128295],[-122.33919939018872,47.62629967630737],[-122.33940871543697,47.62659107618328]]]},"properties":{"pin":"4088803510","address":"731 WESTLAKE AVE N 98109","taxpayer":"CITY INVESTORS XXX LLC ATTN","propertyType":"C","presentUse":"Restaurant/Lounge","landSqft":13200,"acres":0.3,"zoning":"SM-SLU 100/95","isCondo":false,"kcUrl":"https://blue.kingcounty.com/Assessor/eRealProperty/Detail.aspx?ParcelNbr=4088803510","currentOwner":"CITY INVESTORS XXX LLC","currentCompanyId":"vulcan"}},{"type":"Feature","id":4088803530,"geometry":{"type":"Polygon","coordinates":[[[-122.34078895340522,47.62705056754446],[-122.34088613791718,47.627050975278024],[-122.34088817283279,47.62685445835954],[-122.340889875817,47.626689971927846],[-122.34089157748635,47.62652548641226],[-122.340893157612,47.626372878248354],[-122.3408943009703,47.62626227413014],[-122.34089263468142,47.625968262488314],[-122.34088991429248,47.62548814372927],[-122.34043906693772,47.625486392985835],[-122.34044974208348,47.62550500129062],[-122.34045020479184,47.6255055853075],[-122.34043030164418,47.62550554927709],[-122.34042905122448,47.625650843729815],[-122.34042763560264,47.62581533083341],[-122.34042621999798,47.62597981883553],[-122.34042525360763,47.62609220181986],[-122.34042482404736,47.62614278083933],[-122.34042358896679,47.626287044133846],[-122.3404224502034,47.626419934192306],[-122.3404215571381,47.626523503632335],[-122.34042014540748,47.62668798888067],[-122.34041873371997,47.62685247592676],[-122.34041705384803,47.62704899890777],[-122.34078895340522,47.62705056754446]]]},"properties":{"pin":"4088803530","address":"800 ROY ST 98109","taxpayer":"SEATTLE CITY OF SCL","propertyType":"C","presentUse":"Office Building","landSqft":67025,"acres":1.54,"zoning":"SM-SLU 100/95","isCondo":false,"kcUrl":"https://blue.kingcounty.com/Assessor/eRealProperty/Detail.aspx?ParcelNbr=4088803530","currentOwner":"SEATTLE CITY OF SCL","currentCompanyId":"city-of-seattle"}},{"type":"Feature","id":4088803565,"geometry":{"type":"Polygon","coordinates":[[[-122.3398859143708,47.6267177646091],[-122.33988480300796,47.62684664022391],[-122.339884773669,47.626850221956005],[-122.33988309154567,47.62704673683571],[-122.340352167723,47.627048720008226],[-122.34035384807451,47.62685220512159],[-122.34035498760805,47.62671974866922],[-122.34004632827154,47.626718443553735],[-122.3398859143708,47.6267177646091]]]},"properties":{"pin":"4088803565","address":"753 9TH AVE N 98109","taxpayer":"BLOCK 79 LLC","propertyType":"C","presentUse":"Office Building","landSqft":14030,"acres":0.32,"zoning":"SM-SLU 100/95","isCondo":false,"kcUrl":"https://blue.kingcounty.com/Assessor/eRealProperty/Detail.aspx?ParcelNbr=4088803565","currentOwner":"BLOCK 79 LLC","currentCompanyId":"auto-block-79-llc"}},{"type":"Feature","id":4129320000,"geometry":{"type":"Polygon","coordinates":[[[-122.33647706719394,47.62482672358213],[-122.33595855292019,47.62484216768324],[-122.3359585510272,47.624842516756246],[-122.33595674825669,47.6250692256373],[-122.33595236740426,47.62562046353331],[-122.33672385006686,47.62562349493714],[-122.33696886995983,47.62562445682388],[-122.33697017942826,47.62545997040973],[-122.33697140235867,47.62530570289086],[-122.33697148875846,47.62529547949858],[-122.3369727928896,47.62513099315328],[-122.33697325172898,47.625070814980724],[-122.336974086102,47.624966589715406],[-122.33697517805793,47.62482763346133],[-122.33697518216255,47.62482726906567],[-122.33651102779125,47.62482571102406],[-122.33647706719394,47.62482672358213]]]},"properties":{"pin":"4129320000","address":"625 BOREN AVE N 98109","taxpayer":null,"propertyType":"K","presentUse":"Condominium(Mixed Use)","landSqft":72410,"acres":1.66,"zoning":"SM-SLU 85/65-160","isCondo":true,"kcUrl":"https://blue.kingcounty.com/Assessor/eRealProperty/Detail.aspx?ParcelNbr=4129320000","currentOwner":null,"currentCompanyId":null}},{"type":"Feature","id":5165500000,"geometry":{"type":"Polygon","coordinates":[[[-122.3439100718179,47.618975669410446],[-122.34392049453987,47.619140199313634],[-122.34392570544334,47.619222470568324],[-122.34393091628492,47.619304739124786],[-122.34393960629069,47.619441850316576],[-122.34394134323331,47.61946927256887],[-122.343951875746,47.61963546888988],[-122.34430720763405,47.6196368934924],[-122.34430857658971,47.61947076947869],[-122.34430992656851,47.619306283006836],[-122.34431127784272,47.61914179561735],[-122.34431262796119,47.6189773145397],[-122.3439100718179,47.618975669410446]]]},"properties":{"pin":"5165500000","address":"699 JOHN ST 98109","taxpayer":null,"propertyType":"K","presentUse":"Condominium(Residential)","landSqft":22332,"acres":0.51,"zoning":"SM-UP 160 (M)","isCondo":true,"kcUrl":"https://blue.kingcounty.com/Assessor/eRealProperty/Detail.aspx?ParcelNbr=5165500000","currentOwner":null,"currentCompanyId":null}},{"type":"Feature","id":5458300405,"geometry":{"type":"Polygon","coordinates":[[[-122.34509274398813,47.624772162783785],[-122.34509185900859,47.624881825341916],[-122.34509097775444,47.62499147885416],[-122.34509053522224,47.625046308784036],[-122.34509024011416,47.6250831796342],[-122.34509007195656,47.625103905290956],[-122.34508918148809,47.62521356252325],[-122.34508823593414,47.625331443824656],[-122.34557484779357,47.62533327671888],[-122.34557579657547,47.625215407050774],[-122.34557668593988,47.62510574711693],[-122.34557686525255,47.62508390129369],[-122.34557704580412,47.625048228441585],[-122.34557732554106,47.62499340066595],[-122.34557823751155,47.62488374043102],[-122.34557914684395,47.624774081130326],[-122.34558005090409,47.624664423698576],[-122.345093630451,47.624662505603204],[-122.34509274398813,47.624772162783785]]]},"properties":{"pin":"5458300405","address":"570 MERCER ST","taxpayer":"SWB SEATTLE II LLC C/O SCHN","propertyType":"C","presentUse":"Vacant(Commercial)","landSqft":29160,"acres":0.67,"zoning":"SM-UP 85 (M1)","isCondo":false,"kcUrl":"https://blue.kingcounty.com/Assessor/eRealProperty/Detail.aspx?ParcelNbr=5458300405","currentOwner":"SWB SEATTLE II LLC","currentCompanyId":"auto-swb-seattle-ii-llc"}},{"type":"Feature","id":5458300425,"geometry":{"type":"Polygon","coordinates":[[[-122.34612810143385,47.625084717520366],[-122.34612883157422,47.62499556720489],[-122.34612973450578,47.62488591066868],[-122.3461306427281,47.62477625316215],[-122.34613154961635,47.62466659567297],[-122.34564493353435,47.62466468073379],[-122.34564402559428,47.62477433731983],[-122.34564312033689,47.624883994769476],[-122.3456422164843,47.6249936548989],[-122.34564147625403,47.62508399731807],[-122.3456412918662,47.6251059880465],[-122.34564038002479,47.62521564828133],[-122.34563941034138,47.62533352632609],[-122.34612603415913,47.625335354906504],[-122.34612700271386,47.62521747595837],[-122.34612790953908,47.62510781577268],[-122.34612810143385,47.625084717520366]]]},"properties":{"pin":"5458300425","address":"550 MERCER ST","taxpayer":"SWB SEATTLE II WEST LLC","propertyType":"C","presentUse":"Vacant(Commercial)","landSqft":29160,"acres":0.67,"zoning":"SM-UP 85 (M1)","isCondo":false,"kcUrl":"https://blue.kingcounty.com/Assessor/eRealProperty/Detail.aspx?ParcelNbr=5458300425","currentOwner":"SWB SEATTLE II WEST LLC","currentCompanyId":"auto-swb-seattle-ii-west-llc"}},{"type":"Feature","id":5458300480,"geometry":{"type":"Polygon","coordinates":[[[-122.34508234442663,47.62575104184757],[-122.34556993994396,47.62575284015942],[-122.34557127154895,47.625643057402435],[-122.34557302928042,47.62549776405896],[-122.34508629866826,47.625495927316194],[-122.34508404847165,47.625641218178785],[-122.34508234442663,47.62575104184757]]]},"properties":{"pin":"5458300480","address":"703 6TH AVE N 98109","taxpayer":"ROY STREET RUINS LLC","propertyType":"C","presentUse":"Club","landSqft":11160,"acres":0.26,"zoning":"SM-UP 65 (M)","isCondo":false,"kcUrl":"https://blue.kingcounty.com/Assessor/eRealProperty/Detail.aspx?ParcelNbr=5458300480","currentOwner":"ROY STREET RUINS LLC","currentCompanyId":"auto-roy-street-ruins-llc"}},{"type":"Feature","id":5458300490,"geometry":{"type":"Polygon","coordinates":[[[-122.34541700187151,47.62602669378167],[-122.34556660794122,47.6260272179242],[-122.34556727363838,47.62597239131961],[-122.34556860546375,47.625862615757356],[-122.34556993994396,47.62575284015942],[-122.34508234442663,47.62575104184757],[-122.34508064423436,47.62586086096667],[-122.34507894400875,47.62597067918611],[-122.3450780955057,47.626025506409796],[-122.34525925758722,47.626026140804534],[-122.34541700187151,47.62602669378167]]]},"properties":{"pin":"5458300490","address":"711 6TH AVE N 98109","taxpayer":"WINSON INVESTMENT LLC","propertyType":"C","presentUse":"Office Building","landSqft":12000,"acres":0.28,"zoning":"SM-UP 65 (M)","isCondo":false,"kcUrl":"https://blue.kingcounty.com/Assessor/eRealProperty/Detail.aspx?ParcelNbr=5458300490","currentOwner":"WINSON INVESTMENT LLC","currentCompanyId":"auto-winson-investment-llc"}},{"type":"Feature","id":5458300505,"geometry":{"type":"Polygon","coordinates":[[[-122.3450780955057,47.626025506409796],[-122.34507724385439,47.62608050010306],[-122.34507554353604,47.62619031562407],[-122.34525690360952,47.6261909204122],[-122.34525847083741,47.62608111744661],[-122.34525925758722,47.626026140804534],[-122.3450780955057,47.626025506409796]]]},"properties":{"pin":"5458300505","address":"571 VALLEY ST 98109","taxpayer":"PARKER PLACE APTS LLC","propertyType":"C","presentUse":"Apartment","landSqft":2671,"acres":0.06,"zoning":"SM-UP 65 (M)","isCondo":false,"kcUrl":"https://blue.kingcounty.com/Assessor/eRealProperty/Detail.aspx?ParcelNbr=5458300505","currentOwner":"PARKER PLACE APTS LLC","currentCompanyId":"auto-parker-place-apts-llc"}},{"type":"Feature","id":5458300506,"geometry":{"type":"Polygon","coordinates":[[[-122.34525690360952,47.6261909204122],[-122.3454148300056,47.62619144938929],[-122.34541627874647,47.626081656087656],[-122.34541700187151,47.62602669378167],[-122.34525925758722,47.626026140804534],[-122.34525847083741,47.62608111744661],[-122.34525690360952,47.6261909204122]]]},"properties":{"pin":"5458300506","address":"567 VALLEY ST 98109","taxpayer":"15 VALLEY LLC","propertyType":"R","presentUse":"Single Family(Res Use/Zone)","landSqft":2311,"acres":0.05,"zoning":"SM-UP 65 (M)","isCondo":false,"kcUrl":"https://blue.kingcounty.com/Assessor/eRealProperty/Detail.aspx?ParcelNbr=5458300506","currentOwner":"15 VALLEY LLC","currentCompanyId":"auto-15-valley-llc"}},{"type":"Feature","id":5458300507,"geometry":{"type":"Polygon","coordinates":[[[-122.3454148300056,47.62619144938929],[-122.34556460751946,47.6261919496725],[-122.3455646467411,47.62618872134927],[-122.34556594178125,47.62608216598221],[-122.34556660794122,47.6260272179242],[-122.34541700187151,47.62602669378167],[-122.34541627874647,47.626081656087656],[-122.3454148300056,47.62619144938929]]]},"properties":{"pin":"5458300507","address":"565 VALLEY ST 98109","taxpayer":"HAMER CHRISTOPHER G","propertyType":"R","presentUse":"Single Family(Res Use/Zone)","landSqft":2221,"acres":0.05,"zoning":"SM-UP 65 (M)","isCondo":false,"kcUrl":"https://blue.kingcounty.com/Assessor/eRealProperty/Detail.aspx?ParcelNbr=5458300507","currentOwner":"HAMER CHRISTOPHER G","currentCompanyId":"auto-hamer-christopher-g"}},{"type":"Feature","id":5458300540,"geometry":{"type":"Polygon","coordinates":[[[-122.34612162719742,47.625864603084814],[-122.34612254139527,47.62575487533256],[-122.34612345397137,47.625645137705796],[-122.34563623495032,47.62564330438957],[-122.3456349524124,47.62575307660151],[-122.34563366585228,47.62586284796688],[-122.34612162719742,47.625864603084814]]]},"properties":{"pin":"5458300540","address":"706 TAYLOR AVE N 98109","taxpayer":"TA 2 LLC","propertyType":"C","presentUse":"Service Building","landSqft":9600,"acres":0.22,"zoning":"SM-UP 65 (M)","isCondo":false,"kcUrl":"https://blue.kingcounty.com/Assessor/eRealProperty/Detail.aspx?ParcelNbr=5458300540","currentOwner":"GALBC 2 LLC","currentCompanyId":"auto-galbc-2-llc"}},{"type":"Feature","id":5458300550,"geometry":{"type":"Polygon","coordinates":[[[-122.34612345397137,47.625645137705796],[-122.34612466848263,47.625499841657586],[-122.34563793384095,47.62549800732649],[-122.34563623495032,47.62564330438957],[-122.34612345397137,47.625645137705796]]]},"properties":{"pin":"5458300550","address":"560 ROY ST 98109","taxpayer":"SEATTLE CITY OF SDOT","propertyType":"C","presentUse":"Restaurant/Lounge","landSqft":6360,"acres":0.15,"zoning":"SM-UP 65 (M)","isCondo":false,"kcUrl":"https://blue.kingcounty.com/Assessor/eRealProperty/Detail.aspx?ParcelNbr=5458300550","currentOwner":"SEATTLE CITY OF SDOT","currentCompanyId":"city-of-seattle"}},{"type":"Feature","id":6847700005,"geometry":{"type":"Polygon","coordinates":[[[-122.32982743841957,47.6230427429515],[-122.33031265901391,47.62304130895536],[-122.33031183926202,47.622876826599054],[-122.33031102335046,47.62271233879396],[-122.32982561906226,47.622713756347046],[-122.32982653077202,47.62287825097231],[-122.32982743841957,47.6230427429515]]]},"properties":{"pin":"6847700005","address":"434 YALE AVE N 98109","taxpayer":"MILLS CHARLES & COLLEEN","propertyType":"C","presentUse":"Office Building","landSqft":14400,"acres":0.33,"zoning":"SM-SLU 100/95","isCondo":false,"kcUrl":"https://blue.kingcounty.com/Assessor/eRealProperty/Detail.aspx?ParcelNbr=6847700005","currentOwner":"MARKEE BARBARA MILLS+MARTHA TORR+CHARLES KUTTLER (EACH 6%-INT/T-I C)","currentCompanyId":"auto-markee-barbara-mills-martha-torr-charles-kuttler-each-6-int-t-i-c"}},{"type":"Feature","id":6847700015,"geometry":{"type":"Polygon","coordinates":[[[-122.32982561906226,47.622713756347046],[-122.33031102335046,47.62271233879396],[-122.330310278669,47.62256156276086],[-122.33031021284219,47.62254785361599],[-122.33030940100889,47.622383368454834],[-122.33030858526803,47.62221888604332],[-122.32982288975364,47.62222028858401],[-122.32982379737817,47.62238478056601],[-122.32982470759109,47.62254926981455],[-122.32982478659133,47.62256297878478],[-122.32982561906226,47.622713756347046]]]},"properties":{"pin":"6847700015","address":"422 YALE AVE N 98109","taxpayer":"ESSEX PROPERTY TRUST INC","propertyType":"C","presentUse":"Apartment(Mixed Use)","landSqft":21600,"acres":0.5,"zoning":"SM-SLU 100/95","isCondo":false,"kcUrl":"https://blue.kingcounty.com/Assessor/eRealProperty/Detail.aspx?ParcelNbr=6847700015","currentOwner":"ESSEX PORTFOLIO LP","currentCompanyId":"auto-essex-portfolio-lp"}},{"type":"Feature","id":6847700030,"geometry":{"type":"Polygon","coordinates":[[[-122.32982288975364,47.62222028858401],[-122.33030858526803,47.62221888604332],[-122.33030777461983,47.62205439546766],[-122.32982197423176,47.62205579940409],[-122.32982288975364,47.62222028858401]]]},"properties":{"pin":"6847700030","address":"400 YALE AVE N 98109","taxpayer":"ST SPIRIDON ORTHODOX CATHE","propertyType":"C","presentUse":"Church/Welfare/Relig Srvc","landSqft":7200,"acres":0.17,"zoning":"SM-SLU 100/95","isCondo":false,"kcUrl":"https://blue.kingcounty.com/Assessor/eRealProperty/Detail.aspx?ParcelNbr=6847700030","currentOwner":"ST SPIRIDON ORTHODOX CATHE","currentCompanyId":"auto-st-spiridon-orthodox-cathe"}},{"type":"Feature","id":6847700035,"geometry":{"type":"Polygon","coordinates":[[[-122.32927240908856,47.622221882080225],[-122.32975811253574,47.62222047908561],[-122.32975719299553,47.622055981864214],[-122.32927138984005,47.62205738078799],[-122.32927240908856,47.622221882080225]]]},"properties":{"pin":"6847700035","address":"401 EASTLAKE AVE E 98109","taxpayer":"PUBLIC EMPLYS MUTUAL INS CO","propertyType":"C","presentUse":"Parking(Assoc)","landSqft":7200,"acres":0.17,"zoning":"SM-SLU 100/95","isCondo":false,"kcUrl":"https://blue.kingcounty.com/Assessor/eRealProperty/Detail.aspx?ParcelNbr=6847700035","currentOwner":"SEATTLE CITY OF (1.67%)","currentCompanyId":"city-of-seattle"}},{"type":"Feature","id":6847700040,"geometry":{"type":"Polygon","coordinates":[[[-122.32927343217881,47.62238637792369],[-122.32975903982974,47.62238496810801],[-122.32975811253574,47.62222047908561],[-122.32927240908856,47.622221882080225],[-122.32927343217881,47.62238637792369]]]},"properties":{"pin":"6847700040","address":"409 EASTLAKE AVE E 98109","taxpayer":"GRAHAM THOMAS P III+NANCY B","propertyType":"C","presentUse":"Apartment","landSqft":7200,"acres":0.17,"zoning":"SM-SLU 100/95","isCondo":false,"kcUrl":"https://blue.kingcounty.com/Assessor/eRealProperty/Detail.aspx?ParcelNbr=6847700040","currentOwner":"GRAHAM NANCY BOURGOIS+NANCY B+ET AL","currentCompanyId":"auto-graham-nancy-bourgois-nancy-b-et-al"}},{"type":"Feature","id":6847700045,"geometry":{"type":"Polygon","coordinates":[[[-122.32927445128514,47.6225508738189],[-122.3297599632168,47.62254945987993],[-122.32975903982974,47.62238496810801],[-122.32927343217881,47.62238637792369],[-122.32927445128514,47.6225508738189]]]},"properties":{"pin":"6847700045","address":"411 EASTLAKE AVE E 98109","taxpayer":"PUBLIC EMPLYS MUTUAL INS CO","propertyType":"C","presentUse":"Parking(Assoc)","landSqft":7200,"acres":0.17,"zoning":"SM-SLU 100/95","isCondo":false,"kcUrl":"https://blue.kingcounty.com/Assessor/eRealProperty/Detail.aspx?ParcelNbr=6847700045","currentOwner":"PUBLIC EMPLYS MUTUAL INS CO","currentCompanyId":"pemco"}},{"type":"Feature","id":6847700050,"geometry":{"type":"Polygon","coordinates":[[[-122.32927547433661,47.62271536786248],[-122.32976089052251,47.622713948900916],[-122.3297599632168,47.62254945987993],[-122.32927445128514,47.6225508738189],[-122.32927547433661,47.62271536786248]]]},"properties":{"pin":"6847700050","address":"421 EASTLAKE AVE E 98109","taxpayer":"BURIEN150 LLC","propertyType":"C","presentUse":"Service Building","landSqft":7200,"acres":0.17,"zoning":"SM-SLU 100/95","isCondo":false,"kcUrl":"https://blue.kingcounty.com/Assessor/eRealProperty/Detail.aspx?ParcelNbr=6847700050","currentOwner":"BURIEN150 LLC","currentCompanyId":"auto-burien150-llc"}},{"type":"Feature","id":6847700055,"geometry":{"type":"Polygon","coordinates":[[[-122.32927649752385,47.62287986640167],[-122.32976181783408,47.62287843792118],[-122.32976089052251,47.622713948900916],[-122.32927547433661,47.62271536786248],[-122.32927649752385,47.62287986640167]]]},"properties":{"pin":"6847700055","address":"425 EASTLAKE AVE E 98109","taxpayer":"425 EASTLAKE LLC","propertyType":"C","presentUse":"Office Building","landSqft":7200,"acres":0.17,"zoning":"SM-SLU 100/95","isCondo":false,"kcUrl":"https://blue.kingcounty.com/Assessor/eRealProperty/Detail.aspx?ParcelNbr=6847700055","currentOwner":"425 EASTLAKE LLC","currentCompanyId":"auto-425-eastlake-llc"}},{"type":"Feature","id":6847700060,"geometry":{"type":"Polygon","coordinates":[[[-122.32976181783408,47.62287843792118],[-122.32927649752385,47.62287986640167],[-122.32927752056231,47.62304435954456],[-122.32976273735173,47.62304293334061],[-122.32976181783408,47.62287843792118]]]},"properties":{"pin":"6847700060","address":"433 EASTLAKE AVE E 98109","taxpayer":"433 EASTLAKE LLC","propertyType":"C","presentUse":"Retail Store","landSqft":7200,"acres":0.17,"zoning":"SM-SLU 100/95","isCondo":false,"kcUrl":"https://blue.kingcounty.com/Assessor/eRealProperty/Detail.aspx?ParcelNbr=6847700060","currentOwner":"433 EASTLAKE LLC","currentCompanyId":"auto-433-eastlake-llc"}},{"type":"Feature","id":6847700105,"geometry":{"type":"Polygon","coordinates":[[[-122.32928549990822,47.62107024841337],[-122.32928652762811,47.62123476579145],[-122.32928755538038,47.62139928406813],[-122.32928858710353,47.62156380139242],[-122.32976519737319,47.62156243324495],[-122.32978664895853,47.62156237159514],[-122.32978666348797,47.6215693064737],[-122.32979768399048,47.62156927492094],[-122.32982879630187,47.621569185194964],[-122.33030540535412,47.62156781750083],[-122.33030537218585,47.62156088466577],[-122.33030457157784,47.62139637236501],[-122.3303037762694,47.62123185909433],[-122.3303029757492,47.621067349490026],[-122.3303021802438,47.62090282902386],[-122.32982512988258,47.620904185494815],[-122.3297939646619,47.62090427232233],[-122.32976151815441,47.62090436159449],[-122.32928447045103,47.62090571666383],[-122.32928549990822,47.62107024841337]]]},"properties":{"pin":"6847700105","address":"325 EASTLAKE AVE E 98109","taxpayer":"GI TC LAKE UNION LLC","propertyType":"C","presentUse":"Office Building","landSqft":60512,"acres":1.39,"zoning":"SM-SLU 100/95","isCondo":false,"kcUrl":"https://blue.kingcounty.com/Assessor/eRealProperty/Detail.aspx?ParcelNbr=6847700105","currentOwner":"GI TC LAKE UNION LLC","currentCompanyId":"auto-gi-tc-lake-union-llc"}},{"type":"Feature","id":6847700115,"geometry":{"type":"Polygon","coordinates":[[[-122.32928961095604,47.62172832241793],[-122.32929063862437,47.621892837095494],[-122.32976704167287,47.621891469004815],[-122.32979948073765,47.621891377138255],[-122.32983056935142,47.62189128952507],[-122.33030697078267,47.62188991019946],[-122.33030617149466,47.621725397882585],[-122.33030540535412,47.62156781750083],[-122.32982879630187,47.621569185194964],[-122.32979768399048,47.62156927492094],[-122.32978666348797,47.6215693064737],[-122.32978664895853,47.62156237159514],[-122.32976519737319,47.62156243324495],[-122.32928858710353,47.62156380139242],[-122.32928961095604,47.62172832241793]]]},"properties":{"pin":"6847700115","address":"330 YALE AVE N","taxpayer":"330 YALE OWNER LLC+ ET AL","propertyType":"C","presentUse":"Office Building","landSqft":29752,"acres":0.68,"zoning":"SM-SLU 100/95","isCondo":false,"kcUrl":"https://blue.kingcounty.com/Assessor/eRealProperty/Detail.aspx?ParcelNbr=6847700115","currentOwner":"330 YALE OWNER LLC+GA 330 YALE MEMBER LLC","currentCompanyId":"auto-330-yale-owner-llc-ga-330-yale-member-llc"}},{"type":"Feature","id":6849200005,"geometry":{"type":"Polygon","coordinates":[[[-122.33110217981243,47.62188761650133],[-122.33158915818711,47.621886230255875],[-122.33158807803486,47.62172180885395],[-122.33158700047198,47.621557384718486],[-122.33158591892558,47.62139296063485],[-122.331584837386,47.621228536550554],[-122.3315837572093,47.621064113347295],[-122.33158268340493,47.62089968016393],[-122.3310964906841,47.62090085914994],[-122.33103166090049,47.62090101600505],[-122.3305454720415,47.62090218898787],[-122.33054626810907,47.621066702258226],[-122.33054706916566,47.621231203767415],[-122.33054786889716,47.62139570529342],[-122.33054866589589,47.62156020415599],[-122.33054946566344,47.62172470657989],[-122.33055026541012,47.621889208103894],[-122.33103724076585,47.6218878107656],[-122.33110217981243,47.62188761650133]]]},"properties":{"pin":"6849200005","address":"1255 HARRISON ST","taxpayer":"CITY INVESTORS XXIV LLC","propertyType":"C","presentUse":"Apartment(Mixed Use)","landSqft":92160,"acres":2.12,"zoning":"SM-SLU 100/95","isCondo":false,"kcUrl":"https://blue.kingcounty.com/Assessor/eRealProperty/Detail.aspx?ParcelNbr=6849200005","currentOwner":"CITY INVESTORS XXIV LLC","currentCompanyId":"vulcan"}},{"type":"Feature","id":6849200065,"geometry":{"type":"Polygon","coordinates":[[[-122.33111674280866,47.623039029102465],[-122.3315962705152,47.623037670848056],[-122.33159526025325,47.62287318285904],[-122.33159424991993,47.62270869217144],[-122.33159323560268,47.6225442015357],[-122.33159223057679,47.6223797098775],[-122.33159121619464,47.622215216542564],[-122.33159020565385,47.62205071775885],[-122.33111122244873,47.622052093231225],[-122.33111214230539,47.62221659139347],[-122.33111306039761,47.62238107428499],[-122.33111398258951,47.62254556072034],[-122.33111490212711,47.62271004719004],[-122.33111582307825,47.622874536339346],[-122.33111674280866,47.623039029102465]]]},"properties":{"pin":"6849200065","address":"420 PONTIUS AVE N","taxpayer":"STACK HOUSE ACQUISTION LLC","propertyType":"C","presentUse":"Apartment(Mixed Use)","landSqft":42480,"acres":0.98,"zoning":"SM-SLU/R 65/95","isCondo":false,"kcUrl":"https://blue.kingcounty.com/Assessor/eRealProperty/Detail.aspx?ParcelNbr=6849200065","currentOwner":"STACK HOUSE APARTMENTS LLC","currentCompanyId":"stack-house"}},{"type":"Feature","id":6849200100,"geometry":{"type":"Polygon","coordinates":[[[-122.33055351476959,47.62254715955442],[-122.3310327742815,47.622545796347175],[-122.33103186697763,47.622381309718584],[-122.3310309610096,47.62221682307181],[-122.33103005348416,47.62205232834848],[-122.33055107416213,47.62205369871344],[-122.33055188174437,47.622218194735474],[-122.33055269825441,47.62238267714529],[-122.33055351476959,47.62254715955442]]]},"properties":{"pin":"6849200100","address":"409 YALE AVE N","taxpayer":"STACK HOUSE ACQUISITION LLC","propertyType":"C","presentUse":"Apartment","landSqft":21240,"acres":0.49,"zoning":"SM-SLU/R 65/95","isCondo":false,"kcUrl":"https://blue.kingcounty.com/Assessor/eRealProperty/Detail.aspx?ParcelNbr=6849200100","currentOwner":"STACK HOUSE APARTMENTS LLC","currentCompanyId":"stack-house"}},{"type":"Feature","id":6849200110,"geometry":{"type":"Polygon","coordinates":[[[-122.33055351476959,47.62254715955442],[-122.33055432988215,47.62271163928257],[-122.3305551424949,47.622876124440566],[-122.33055596291243,47.62304060319806],[-122.33104360583958,47.62303923317691],[-122.33104281276812,47.622895308267154],[-122.3310347017707,47.62289532863856],[-122.33103458749866,47.62287476692188],[-122.33103368159112,47.622710282975014],[-122.3310327742815,47.622545796347175],[-122.33055351476959,47.62254715955442]]]},"properties":{"pin":"6849200110","address":"1265 REPUBLICAN ST 98109","taxpayer":"STACK HOUSE OFFICE LLC","propertyType":"C","presentUse":"Historic Prop(Office)","landSqft":21345,"acres":0.49,"zoning":"SM-SLU/R 65/95","isCondo":false,"kcUrl":"https://blue.kingcounty.com/Assessor/eRealProperty/Detail.aspx?ParcelNbr=6849200110","currentOwner":"STACK HOUSE OFFICE LLC","currentCompanyId":"stack-house"}},{"type":"Feature","id":6849700005,"geometry":{"type":"Polygon","coordinates":[[[-122.331819342089,47.61958276430882],[-122.3319571765757,47.61958242473756],[-122.33197622379696,47.619581650349716],[-122.33199501814352,47.61957944171597],[-122.33201333417868,47.6195758251948],[-122.3320309296675,47.61957084445873],[-122.33204760440984,47.61956457051466],[-122.33206312745929,47.61955706937678],[-122.3320773127978,47.61954844245212],[-122.33208997990927,47.619538797372506],[-122.33210097524157,47.61952825400917],[-122.33211015496802,47.61951694649902],[-122.33211740739056,47.6195050157527],[-122.33212263833543,47.61949261054639],[-122.33212578844358,47.61947988729427],[-122.33212680792535,47.619467011280335],[-122.33212663264229,47.619423193708236],[-122.3321255647566,47.61925870104913],[-122.33212457668,47.61909420733832],[-122.33212358993974,47.61892971360938],[-122.33212260187564,47.618765219897234],[-122.33212301079362,47.61875419701891],[-122.3321229433276,47.6187431723179],[-122.33212240362332,47.61873215113737],[-122.33211980727584,47.61870959618623],[-122.33211522736545,47.618687188804955],[-122.3321086753808,47.61866500440904],[-122.33210017358059,47.6186431227701],[-122.33208976023512,47.618621625248025],[-122.33207746276736,47.61860058614857],[-122.33181345162922,47.618599735586145],[-122.3316464438077,47.61859919515644],[-122.33148425048549,47.61859867656573],[-122.33132688029937,47.61859815633119],[-122.33108358936916,47.618597344402595],[-122.33108948951157,47.619584562325024],[-122.33133277236236,47.61958396292429],[-122.33149453250304,47.61958356357689],[-122.33165672240331,47.61958316373927],[-122.33169609878277,47.61958306814193],[-122.331819342089,47.61958276430882]]]},"properties":{"pin":"6849700005","address":"Geo Area","taxpayer":"SEATTLE CITY OF SCL","propertyType":"C","presentUse":"Utility, Public","landSqft":91220,"acres":2.09,"zoning":"SM-SLU 240/125-440","isCondo":false,"kcUrl":"https://blue.kingcounty.com/Assessor/eRealProperty/Detail.aspx?ParcelNbr=6849700005","currentOwner":"SEATTLE CITY OF SCL","currentCompanyId":"city-of-seattle"}},{"type":"Feature","id":6849700055,"geometry":{"type":"Polygon","coordinates":[[[-122.33101323283796,47.61903645011272],[-122.33102134057376,47.61903642977779],[-122.33102068645391,47.61892676906641],[-122.33102002850205,47.618817113802855],[-122.33101937313538,47.61870745580615],[-122.33101871173382,47.618597125882],[-122.33079754948409,47.61859638106873],[-122.33065276801683,47.618708358360486],[-122.33053461071067,47.61879974134288],[-122.33053470597288,47.6188183088805],[-122.330535263227,47.61892796815703],[-122.33053581915338,47.61903762745072],[-122.33101323283796,47.61903645011272]]]},"properties":{"pin":"6849700055","address":"111 YALE AVE N 98109","taxpayer":"COLWELL BUILDING LIMITED","propertyType":"C","presentUse":"Apartment(Mixed Use)","landSqft":16819,"acres":0.39,"zoning":"SM-SLU 240/125-440","isCondo":false,"kcUrl":"https://blue.kingcounty.com/Assessor/eRealProperty/Detail.aspx?ParcelNbr=6849700055","currentOwner":"WPPI SEATTLE AC LLC","currentCompanyId":"auto-wppi-seattle-ac-llc"}},{"type":"Feature","id":6849700075,"geometry":{"type":"Polygon","coordinates":[[[-122.33053693492566,47.61925694328689],[-122.3310145422265,47.61925576612157],[-122.33101388686588,47.619146108126],[-122.33101323283796,47.61903645011272],[-122.33053581915338,47.61903762745072],[-122.33053637500444,47.619147284046335],[-122.33053693492566,47.61925694328689]]]},"properties":{"pin":"6849700075","address":"117 YALE AVE N","taxpayer":"SLU HOTEL GROUP LLC","propertyType":"C","presentUse":"Hotel/Motel","landSqft":9440,"acres":0.22,"zoning":"SM-SLU 240/125-440","isCondo":false,"kcUrl":"https://blue.kingcounty.com/Assessor/eRealProperty/Detail.aspx?ParcelNbr=6849700075","currentOwner":"SLU HOTEL GROUP LLC","currentCompanyId":"auto-slu-hotel-group-llc"}},{"type":"Feature","id":6849700085,"geometry":{"type":"Polygon","coordinates":[[[-122.33053693492566,47.61925694328689],[-122.33053749602402,47.61936659711414],[-122.33053805203743,47.619476259104445],[-122.33053861986839,47.619585915541386],[-122.33102460957369,47.61958472255659],[-122.33102395958548,47.61947506718977],[-122.33102330537696,47.61936540378179],[-122.33102264999647,47.619255745786596],[-122.3310145422265,47.61925576612157],[-122.33053693492566,47.61925694328689]]]},"properties":{"pin":"6849700085","address":"145 YALE AVE N 98109","taxpayer":"SEATTLE CITY OF SCL","propertyType":"C","presentUse":"Parking(Assoc)","landSqft":14400,"acres":0.33,"zoning":"SM-SLU 240/125-440","isCondo":false,"kcUrl":"https://blue.kingcounty.com/Assessor/eRealProperty/Detail.aspx?ParcelNbr=6849700085","currentOwner":"SEATTLE CITY OF SCL","currentCompanyId":"city-of-seattle"}},{"type":"Feature","id":6849700100,"geometry":{"type":"Polygon","coordinates":[[[-122.33110364478475,47.62073635728327],[-122.33158162941247,47.62073519544147],[-122.33158094374093,47.620625497353934],[-122.3315802579687,47.62051579566899],[-122.33157957368482,47.620406099361844],[-122.33157888802197,47.620296401273386],[-122.3315782103165,47.620186702180284],[-122.33157752463353,47.620077003191994],[-122.33109984802861,47.620078162841665],[-122.33110047942417,47.62018785983526],[-122.33110111082239,47.620297556828504],[-122.33110174618754,47.62040725286971],[-122.33110237766876,47.620516952560166],[-122.3311030132205,47.62062665489565],[-122.33110364478475,47.62073635728327]]]},"properties":{"pin":"6849700100","address":"224 PONTIUS AVE N 98109","taxpayer":"ALLEY SEATTLE LLC","propertyType":"C","presentUse":"Apartment(Mixed Use)","landSqft":28320,"acres":0.65,"zoning":"SM-SLU/R 65/95","isCondo":false,"kcUrl":"https://blue.kingcounty.com/Assessor/eRealProperty/Detail.aspx?ParcelNbr=6849700100","currentOwner":"ALLEY SEATTLE LLC","currentCompanyId":"auto-alley-seattle-llc"}},{"type":"Feature","id":6849700130,"geometry":{"type":"Polygon","coordinates":[[[-122.33109984802861,47.620078162841665],[-122.33157752463353,47.620077003191994],[-122.33157684028346,47.61996730418583],[-122.3315761586223,47.61985760604363],[-122.33157547647204,47.61974789081506],[-122.33109794801997,47.61974905394384],[-122.33109858519376,47.619858767055106],[-122.33109921658398,47.619968464049265],[-122.33109984802861,47.620078162841665]]]},"properties":{"pin":"6849700130","address":"224 PONTIUS AVE N 98109","taxpayer":"ALLEY SEATTLE LLC","propertyType":"C","presentUse":"Apartment","landSqft":14160,"acres":0.33,"zoning":"SM-SLU/R 65/95","isCondo":false,"kcUrl":"https://blue.kingcounty.com/Assessor/eRealProperty/Detail.aspx?ParcelNbr=6849700130","currentOwner":"ALLEY SEATTLE LLC","currentCompanyId":"auto-alley-seattle-llc"}},{"type":"Feature","id":6849700145,"geometry":{"type":"Polygon","coordinates":[[[-122.33054062434091,47.6199698198973],[-122.33101825596803,47.61996865957503],[-122.33101763283241,47.61985896607242],[-122.3310170049067,47.61974924474484],[-122.33053947236195,47.61975040288529],[-122.33054004334058,47.61986012225264],[-122.33054062434091,47.6199698198973]]]},"properties":{"pin":"6849700145","address":"223 YALE AVE N 98109","taxpayer":"MCP ALLEY24 EAST LLC","propertyType":"C","presentUse":"Office Building","landSqft":9440,"acres":0.22,"zoning":"SM-SLU/R 65/95","isCondo":false,"kcUrl":"https://blue.kingcounty.com/Assessor/eRealProperty/Detail.aspx?ParcelNbr=6849700145","currentOwner":"MCP ALLEY24 EAST LLC","currentCompanyId":"alley24"}},{"type":"Feature","id":6849700155,"geometry":{"type":"Polygon","coordinates":[[[-122.33054177177002,47.62018921717676],[-122.33101950253189,47.62018805647119],[-122.3310188792098,47.62007835667438],[-122.33101825596803,47.61996865957503],[-122.33054062434091,47.6199698198973],[-122.33054119866752,47.620079516729916],[-122.33054177177002,47.62018921717676]]]},"properties":{"pin":"6849700155","address":"223 YALE AVE N 98109","taxpayer":"MCP ALLEY24 EAST LLC","propertyType":"C","presentUse":"Office Building","landSqft":9440,"acres":0.22,"zoning":"SM-SLU/R 65/95","isCondo":false,"kcUrl":"https://blue.kingcounty.com/Assessor/eRealProperty/Detail.aspx?ParcelNbr=6849700155","currentOwner":"MCP ALLEY24 EAST LLC","currentCompanyId":"alley24"}},{"type":"Feature","id":6849700165,"geometry":{"type":"Polygon","coordinates":[[[-122.33054292304377,47.62040860900693],[-122.33102074900278,47.62040744976912],[-122.33102012575308,47.62029775267071],[-122.33101950253189,47.62018805647119],[-122.33054177177002,47.62018921717676],[-122.33054234471966,47.62029891222774],[-122.33054292304377,47.62040860900693]]]},"properties":{"pin":"6849700165","address":"223 YALE AVE N 98109","taxpayer":"MCP ALLEY24 EAST LLC","propertyType":"C","presentUse":"Office Building","landSqft":9440,"acres":0.22,"zoning":"SM-SLU/R 65/95","isCondo":false,"kcUrl":"https://blue.kingcounty.com/Assessor/eRealProperty/Detail.aspx?ParcelNbr=6849700165","currentOwner":"MCP ALLEY24 EAST LLC","currentCompanyId":"alley24"}},{"type":"Feature","id":6849700175,"geometry":{"type":"Polygon","coordinates":[[[-122.33054292304377,47.62040860900693],[-122.33054349599824,47.62051830405729],[-122.33054407036283,47.62062800178768],[-122.33054464337386,47.62073769863593],[-122.33102261897474,47.62073654825675],[-122.33102199558772,47.62062684666287],[-122.33102137233277,47.62051714956506],[-122.33102074900278,47.62040744976912],[-122.33054292304377,47.62040860900693]]]},"properties":{"pin":"6849700175","address":"223 YALE AVE N 98109","taxpayer":"MCP ALLEY24 EAST LLC","propertyType":"C","presentUse":"Office Building","landSqft":14160,"acres":0.33,"zoning":"SM-SLU/R 65/95","isCondo":false,"kcUrl":"https://blue.kingcounty.com/Assessor/eRealProperty/Detail.aspx?ParcelNbr=6849700175","currentOwner":"MCP ALLEY24 EAST LLC","currentCompanyId":"alley24"}},{"type":"Feature","id":6849700205,"geometry":{"type":"Polygon","coordinates":[[[-122.32982420649977,47.62073970001147],[-122.33030134843276,47.620738341420434],[-122.33030077583112,47.620628640973855],[-122.33030049149528,47.620573812764974],[-122.33030020589204,47.62051894049199],[-122.33029963329524,47.62040924004481],[-122.33029905540641,47.620299540566556],[-122.33029848281444,47.620189840118776],[-122.33029790490463,47.620080139740686],[-122.33029733249867,47.61997044558715],[-122.33029675983632,47.61986074244068],[-122.33029618538059,47.61975102312458],[-122.3298185471275,47.61975229747895],[-122.32975485533781,47.61975246295128],[-122.32930719331246,47.61975054503075],[-122.32927723070706,47.61975041530545],[-122.32927736638477,47.61977206975723],[-122.32927793475552,47.61986346683791],[-122.32927862418838,47.61997318731814],[-122.32927930830384,47.62008290786802],[-122.32927999774252,47.62019262834764],[-122.32928068718402,47.620302348826925],[-122.32928137665432,47.620412070205205],[-122.32928206211149,47.62052179073639],[-122.32928275023164,47.62063151123228],[-122.32928343968486,47.6207412317104],[-122.32976058305367,47.620739878066516],[-122.32982420649977,47.62073970001147]]]},"properties":{"pin":"6849700205","address":"200 YALE AVE N 98109","taxpayer":"RECREATIONAL EQUIPMENT INC","propertyType":"C","presentUse":"Retail Store","landSqft":90360,"acres":2.07,"zoning":"SM-SLU 100/95","isCondo":false,"kcUrl":"https://blue.kingcounty.com/Assessor/eRealProperty/Detail.aspx?ParcelNbr=6849700205","currentOwner":"RECREATIONAL EQUIPMENT INC","currentCompanyId":"rei"}},{"type":"Feature","id":6849700280,"geometry":{"type":"Polygon","coordinates":[[[-122.32980875877595,47.61958782870228],[-122.33029533764623,47.61958653572639],[-122.33029482126325,47.619485724454535],[-122.33029426161697,47.619376057119965],[-122.32980767821135,47.61937374725092],[-122.32980761761647,47.619362204291214],[-122.32974299572545,47.61941221841867],[-122.32965196852604,47.61948266700581],[-122.32954459993518,47.6195657710195],[-122.32954113855406,47.61956954359706],[-122.32953964089472,47.61957386520666],[-122.32954026698485,47.61957828574032],[-122.32954294618435,47.61958233833107],[-122.32954740405931,47.61958559477548],[-122.32955316813067,47.61958772663118],[-122.32955963409243,47.61958849445087],[-122.32974388722417,47.61958800248715],[-122.32980875877595,47.61958782870228]]]},"properties":{"pin":"6849700280","address":"Geo Area","taxpayer":"YALE & JOHN LP","propertyType":"C","presentUse":"Office Building","landSqft":12800,"acres":0.29,"zoning":"SM-SLU 240/125-440","isCondo":false,"kcUrl":"https://blue.kingcounty.com/Assessor/eRealProperty/Detail.aspx?ParcelNbr=6849700280","currentOwner":"YALE & JOHN LP","currentCompanyId":"auto-yale-john-lp"}},{"type":"Feature","id":6849700290,"geometry":{"type":"Polygon","coordinates":[[[-122.33029426161697,47.619376057119965],[-122.33029370611844,47.61926639512818],[-122.32993361214315,47.61926468447286],[-122.32980761761647,47.619362204291214],[-122.32980767821135,47.61937374725092],[-122.33029426161697,47.619376057119965]]]},"properties":{"pin":"6849700290","address":"110 YALE AVE N 98109","taxpayer":"YALE & JOHN LP","propertyType":"C","presentUse":"Parking(Commercial Lot)","landSqft":4120,"acres":0.09,"zoning":"SM-SLU 240/125-440","isCondo":false,"kcUrl":"https://blue.kingcounty.com/Assessor/eRealProperty/Detail.aspx?ParcelNbr=6849700290","currentOwner":"YALE + JOHN LP","currentCompanyId":"auto-yale-john-lp"}},{"type":"Feature","id":6849700295,"geometry":{"type":"Polygon","coordinates":[[[-122.32993361214315,47.61926468447286],[-122.33029370611844,47.61926639512818],[-122.33029314652862,47.619156729591516],[-122.3302925855594,47.61904706227354],[-122.33029227917459,47.61898707420658],[-122.33021524922927,47.619046694999426],[-122.33007443094239,47.619155688474486],[-122.32993361214315,47.61926468447286]]]},"properties":{"pin":"6849700295","address":"108 YALE AVE N 98109","taxpayer":"YALE & JOHN LIMITED PARTNER","propertyType":"C","presentUse":"Parking(Commercial Lot)","landSqft":4205,"acres":0.1,"zoning":"SM-SLU 240/125-440","isCondo":false,"kcUrl":"https://blue.kingcounty.com/Assessor/eRealProperty/Detail.aspx?ParcelNbr=6849700295","currentOwner":"YALE & JOHN LIMITED PARTNERSHIP","currentCompanyId":"auto-yale-john-limited-partnership"}},{"type":"Feature","id":6849700305,"geometry":{"type":"Polygon","coordinates":[[[-122.32980432955894,47.61871575577755],[-122.32980488811376,47.61882542131775],[-122.32980544273254,47.61893508870872],[-122.32980592797074,47.6190299009023],[-122.32992782636059,47.61893566722816],[-122.33006882266109,47.618826674287774],[-122.33020981448432,47.61871768482192],[-122.33029059235004,47.618655299713105],[-122.33029022206385,47.6185974373581],[-122.32980416879553,47.61859512599417],[-122.32980432955894,47.61871575577755]]]},"properties":{"pin":"6849700305","address":"1325 STEWART ST 98109","taxpayer":"DENNY & STEWART LIMITED PAR","propertyType":"C","presentUse":"Parking(Commercial Lot)","landSqft":10934,"acres":0.25,"zoning":"SM-SLU 240/125-440","isCondo":false,"kcUrl":"https://blue.kingcounty.com/Assessor/eRealProperty/Detail.aspx?ParcelNbr=6849700305","currentOwner":"DENNY & STEWART LIMITED PARTNERSHIP","currentCompanyId":"auto-denny-stewart-limited-partnership"}},{"type":"Feature","id":6849700325,"geometry":{"type":"Polygon","coordinates":[[[-122.32927235329295,47.61893254968425],[-122.3294972731144,47.618933623216485],[-122.32949671382504,47.618823955893994],[-122.3294961696107,47.6187160156183],[-122.3294961560232,47.61871429394931],[-122.32949554806869,47.618594421225744],[-122.329270365334,47.61859405555745],[-122.32927106688011,47.61871322175342],[-122.32927170940721,47.618822885278085],[-122.32927235329295,47.61893254968425]]]},"properties":{"pin":"6849700325","address":"101 EASTLAKE AVE E 98109","taxpayer":"EASTLAKE EAST ASSOCIATES LL","propertyType":"C","presentUse":"Retail Store","landSqft":6820,"acres":0.16,"zoning":"SM-SLU 240/125-440","isCondo":false,"kcUrl":"https://blue.kingcounty.com/Assessor/eRealProperty/Detail.aspx?ParcelNbr=6849700325","currentOwner":"EASTLAKE EAST ASSOC LLC","currentCompanyId":"auto-eastlake-east-assoc-llc"}},{"type":"Feature","id":6849700326,"geometry":{"type":"Polygon","coordinates":[[[-122.3294972731144,47.618933623216485],[-122.329740562069,47.61893477863362],[-122.32974000766457,47.61882511394021],[-122.32973944927237,47.618715449298904],[-122.32973883355733,47.61859481740303],[-122.32949554806869,47.618594421225744],[-122.3294961560232,47.61871429394931],[-122.3294961696107,47.6187160156183],[-122.32949671382504,47.618823955893994],[-122.3294972731144,47.618933623216485]]]},"properties":{"pin":"6849700326","address":"1314 DENNY WAY 98109","taxpayer":"DENNY & EASTLK LIMITED PART","propertyType":"C","presentUse":"Office Building","landSqft":7440,"acres":0.17,"zoning":"SM-SLU 240/125-440","isCondo":false,"kcUrl":"https://blue.kingcounty.com/Assessor/eRealProperty/Detail.aspx?ParcelNbr=6849700326","currentOwner":"DENNY & EASTLAKE LIMITED PARTNERSHIP","currentCompanyId":"auto-denny-eastlake-limited-partnership"}},{"type":"Feature","id":6849700340,"geometry":{"type":"Polygon","coordinates":[[[-122.32927363851589,47.61915188212774],[-122.32964584260195,47.619153651544956],[-122.32974129560267,47.61907986029627],[-122.32974112046597,47.61904444327433],[-122.329740562069,47.61893477863362],[-122.3294972731144,47.618933623216485],[-122.32927235329295,47.61893254968425],[-122.32927299598062,47.619042218603965],[-122.32927363851589,47.61915188212774]]]},"properties":{"pin":"6849700340","address":"1331 STEWART ST 98109","taxpayer":"DENNY & STEWART LIMITED PAR","propertyType":"C","presentUse":"Service Building","landSqft":9324,"acres":0.21,"zoning":"SM-SLU 240/125-440","isCondo":false,"kcUrl":"https://blue.kingcounty.com/Assessor/eRealProperty/Detail.aspx?ParcelNbr=6849700340","currentOwner":"DENNY & STEWART LIMITED PARTNERSHIP","currentCompanyId":"auto-denny-stewart-limited-partnership"}},{"type":"Feature","id":6849700350,"geometry":{"type":"Polygon","coordinates":[[[-122.32927363851589,47.61915188212774],[-122.32927427714127,47.6192615484015],[-122.32927572748586,47.619371217499435],[-122.32927663625064,47.61943905390163],[-122.32936384985622,47.619371636148706],[-122.32950484851949,47.619262643908094],[-122.32964584260195,47.619153651544956],[-122.32927363851589,47.61915188212774]]]},"properties":{"pin":"6849700350","address":"1333 STEWART ST 98109","taxpayer":"LIONFIRE CAPITAL LLC","propertyType":"C","presentUse":"Office Building","landSqft":5178,"acres":0.12,"zoning":"SM-SLU 240/125-440","isCondo":false,"kcUrl":"https://blue.kingcounty.com/Assessor/eRealProperty/Detail.aspx?ParcelNbr=6849700350","currentOwner":"LIONFIRE CAPITAL LLC","currentCompanyId":"auto-lionfire-capital-llc"}},{"type":"Feature","id":7776750005,"geometry":{"type":"Polygon","coordinates":[[[-122.3331230562934,47.62337008583674],[-122.33312403540334,47.62353457158557],[-122.33360132825621,47.62353334774386],[-122.33360040355542,47.62336886306128],[-122.33359948778018,47.62320565660303],[-122.33312208599398,47.62320687471519],[-122.3331230562934,47.62337008583674]]]},"properties":{"pin":"7776750005","address":"1170 REPUBLICAN ST","taxpayer":"1170 REPUBLICAN ASSOCIATES","propertyType":"C","presentUse":"Apartment","landSqft":14011,"acres":0.32,"zoning":"SM-SLU/R 65/95","isCondo":false,"kcUrl":"https://blue.kingcounty.com/Assessor/eRealProperty/Detail.aspx?ParcelNbr=7776750005","currentOwner":"1170 REPUBLICAN ASSOCIATES","currentCompanyId":"auto-1170-republican-associates"}},{"type":"Feature","id":7863500020,"geometry":{"type":"Polygon","coordinates":[[[-122.33368593696125,47.62418467205571],[-122.33416304485031,47.62418342408602],[-122.3341621687903,47.624020226084625],[-122.33416129404,47.623857027165755],[-122.33416042198142,47.62369382911033],[-122.33368317975307,47.62369506180656],[-122.33368409830413,47.62385826283146],[-122.33368501691288,47.62402146565417],[-122.33368593696125,47.62418467205571]]]},"properties":{"pin":"7863500020","address":"530 FAIRVIEW AVE N 98109","taxpayer":"RYAN LLC","propertyType":"C","presentUse":"Medical/Dental Office","landSqft":21240,"acres":0.49,"zoning":"SM-SLU 175/85-280","isCondo":false,"kcUrl":"https://blue.kingcounty.com/Assessor/eRealProperty/Detail.aspx?ParcelNbr=7863500020","currentOwner":"DOUBLEUP LLC","currentCompanyId":"auto-doubleup-llc"}},{"type":"Feature","id":7863500040,"geometry":{"type":"Polygon","coordinates":[[[-122.33368317975307,47.62369506180656],[-122.33416042198142,47.62369382911033],[-122.33415954726804,47.62353063108929],[-122.3341586711262,47.62336742948806],[-122.33415779517149,47.62320423418101],[-122.33368042397875,47.623205453332176],[-122.3336813425904,47.623368657056915],[-122.33368226118178,47.62353185988173],[-122.33368317975307,47.62369506180656]]]},"properties":{"pin":"7863500040","address":"500 FAIRVIEW AVE N 98122","taxpayer":"RYAN LLC","propertyType":"C","presentUse":"Office Building","landSqft":21240,"acres":0.49,"zoning":"SM-SLU 175/85-280","isCondo":false,"kcUrl":"https://blue.kingcounty.com/Assessor/eRealProperty/Detail.aspx?ParcelNbr=7863500040","currentOwner":"SEATTLE CITY OF","currentCompanyId":"city-of-seattle"}},{"type":"Feature","id":7863500075,"geometry":{"type":"Polygon","coordinates":[[[-122.33312629018889,47.623914537029194],[-122.3336034611292,47.62391330223651],[-122.33360315334248,47.6238584743035],[-122.33360223888013,47.62369526782978],[-122.33360132825621,47.62353334774386],[-122.33312403540334,47.62353457158557],[-122.33312499273863,47.623696501835454],[-122.33312596694309,47.62385970930525],[-122.33312629018889,47.623914537029194]]]},"properties":{"pin":"7863500075","address":"525 MINOR AVE N 98109","taxpayer":"SULMONETTI ZINN LLC","propertyType":"C","presentUse":"Apartment","landSqft":16520,"acres":0.38,"zoning":"SM-SLU/R 65/95","isCondo":false,"kcUrl":"https://blue.kingcounty.com/Assessor/eRealProperty/Detail.aspx?ParcelNbr=7863500075","currentOwner":"SULMONETTI ZINN LLC","currentCompanyId":"auto-sulmonetti-zinn-llc"}},{"type":"Feature","id":7863500100,"geometry":{"type":"Polygon","coordinates":[[[-122.33312629018889,47.623914537029194],[-122.3331269322195,47.62402163765007],[-122.33312693601454,47.62402292313933],[-122.33312742045581,47.624103880540694],[-122.33312791002379,47.62418612341364],[-122.33337121755503,47.624185491726195],[-122.33361313057087,47.62418486080775],[-122.33361266018832,47.62410261767391],[-122.33361220412597,47.624021655392546],[-122.33361158428166,47.62391328242347],[-122.3336034611292,47.62391330223651],[-122.33312629018889,47.623914537029194]]]},"properties":{"pin":"7863500100","address":"1167 MERCER ST 98109","taxpayer":"B & B PARTNERS LLC","propertyType":"C","presentUse":"Warehouse","landSqft":12000,"acres":0.28,"zoning":"SM-SLU/R 65/95","isCondo":false,"kcUrl":"https://blue.kingcounty.com/Assessor/eRealProperty/Detail.aspx?ParcelNbr=7863500100","currentOwner":"B & B PARTNERS L L C","currentCompanyId":"auto-b-b-partners-llc"}},{"type":"Feature","id":8692000000,"geometry":{"type":"Polygon","coordinates":[[[-122.33448766844444,47.62121387782263],[-122.33448793972877,47.621274371981535],[-122.33448866738753,47.621441062441065],[-122.33448937982529,47.62160450461632],[-122.33449010474617,47.6217703620737],[-122.33449082788287,47.621935788641764],[-122.3351558046988,47.62193826274228],[-122.33518871171802,47.62193838446875],[-122.33522114900067,47.62193850518757],[-122.33571433000448,47.621940335403565],[-122.3357157024735,47.62177476328024],[-122.3357170676864,47.62161023029939],[-122.33571841607015,47.62144760291012],[-122.33571980256737,47.62128035193017],[-122.33572115584658,47.62111743390124],[-122.33572251307324,47.62095373136097],[-122.33523253809553,47.62095178342849],[-122.33516672345573,47.620951522023574],[-122.3351082791907,47.62095131446005],[-122.3344865170041,47.620948806424906],[-122.33448766844444,47.62121387782263]]]},"properties":{"pin":"8692000000","address":"300 BOREN AVE N","taxpayer":null,"propertyType":"K","presentUse":"Office Building","landSqft":109163,"acres":2.51,"zoning":"SM-SLU 175/85-280","isCondo":true,"kcUrl":"https://blue.kingcounty.com/Assessor/eRealProperty/Detail.aspx?ParcelNbr=8692000000","currentOwner":null,"currentCompanyId":null}},{"type":"Feature","id":8727440000,"geometry":{"type":"Polygon","coordinates":[[[-122.3464796376667,47.62081287898687],[-122.34690767024442,47.620814329340455],[-122.34690925377474,47.62064982793351],[-122.34691083601732,47.62048532834207],[-122.34691241691975,47.62032082876763],[-122.34691400047238,47.62015632915713],[-122.34691558130255,47.61999182778281],[-122.34691716467817,47.619827322775336],[-122.34648784546906,47.61982577722068],[-122.3464796376667,47.62081287898687]]]},"properties":{"pin":"8727440000","address":"223 TAYLOR AVE N 98109","taxpayer":null,"propertyType":"K","presentUse":"Apartment(Mixed Use)","landSqft":38145,"acres":0.88,"zoning":"SM-UP 160 (M)","isCondo":true,"kcUrl":"https://blue.kingcounty.com/Assessor/eRealProperty/Detail.aspx?ParcelNbr=8727440000","currentOwner":null,"currentCompanyId":null}},{"type":"Feature","id":8732310000,"geometry":{"type":"Polygon","coordinates":[[[-122.3404668100613,47.62046180211015],[-122.3409462770041,47.62046354369133],[-122.3409476964266,47.62029883608042],[-122.3409491146143,47.62013413208348],[-122.34095053279302,47.61996942808591],[-122.34095195187587,47.619804709681766],[-122.34047234672578,47.61980317784492],[-122.34047096313327,47.61996784177643],[-122.34046957796748,47.62013249763149],[-122.34046819399268,47.62029714897189],[-122.3404668100613,47.62046180211015]]]},"properties":{"pin":"8732310000","address":"210 8TH AVE N","taxpayer":null,"propertyType":"K","presentUse":"Apartment(Mixed Use)","landSqft":28319,"acres":0.65,"zoning":"SM-SLU 85-280","isCondo":true,"kcUrl":"https://blue.kingcounty.com/Assessor/eRealProperty/Detail.aspx?ParcelNbr=8732310000","currentOwner":null,"currentCompanyId":null}},{"type":"Feature","id":8892300000,"geometry":{"type":"Polygon","coordinates":[[[-122.33988956430696,47.6226306129722],[-122.3403678031124,47.622632449977964],[-122.34036918323604,47.62246797412823],[-122.34037056183848,47.62230349200056],[-122.3403719417103,47.62213900805604],[-122.33989336103963,47.622137109981544],[-122.33989208285533,47.62230161954246],[-122.33989082292007,47.62246611626649],[-122.33988956430696,47.6226306129722]]]},"properties":{"pin":"8892300000","address":"401 9TH AVE N 98109","taxpayer":null,"propertyType":"K","presentUse":"Condominium(Mixed Use)","landSqft":21224,"acres":0.49,"zoning":"SM-SLU 175/85-280","isCondo":true,"kcUrl":"https://blue.kingcounty.com/Assessor/eRealProperty/Detail.aspx?ParcelNbr=8892300000","currentOwner":null,"currentCompanyId":null}}]}